Luganda,English
EBIGAMBO BY’EKISAWO MU LUGANDA,LUGANDA MEDICAL AND ARTISANS’ TERMINOLOGIES
ENNYANJULA,INTRODUCTION
"EMPULIZGANYA kikulu nnyo mu mpeereza y’emirimu, naddala mu bujjanjabi","COMMUNICATION is very vital in services delivery, especially in the medical sector."
Aboogezi b’Olulimi Oluganda bangi balina amannya Amaganda agayitibwa endwadde ezitali zimu kyokka nga gakaluubirira abajjanjabi bangi ne batamanya bulwadde buba bwogerwako ate nga n’abalwadde bakaluubirirwa okugazza mu lulimi Olungereza oba olusawo abajjanjabi basobole okutegeera.,Native Luganda speakers have names associated with different diseases but many medical practitioners cannot relate these terms to the medical terminologies for these diseases and this usually may lead to misunderstandings between patients and medical services providers
"Endwadde endala abasawo bazoogerako mu lulimi lw’ekisawo, abalwadde lwe batategeera so ng’endwadde ezo zennyini zirina amannya mu lulimi Oluganda era nga ssinga omusawo g’akozesezza omulwadde yandyongedde okutegeera ekimuluma.",The vice versa is also true where medical services providers use terminologies for diseases which patients fail to relate to whereas they have equivalents in their mother tongue which they would relate to and therefore have a better understanding of their medical conditions.
"Okutumbula empuliziganya wakati w’abalwadde n’abasawo, akakiiko ka Luganda/ Lusoga/ Lugwere Vehicular Cross-border Language Commission kye kavudde kawandiika ekitabo ekinnyonnyola ebigambo by’ekisawo mu lulimi Oluganda n’ekigendererwa ky’okwanguyiza abalwadde, abajjanjabi n’abayiga obujjanjabi okwongera okutegeera amannya g’endwadde ezitali zimu mu Luganda era n’ebizikwatako mu bufunze","By compiling medical terminologies and their Luganda equivalents and meanings, the Luganda/ Lusoga/ Lugwere Vehicular Cross-border Language Commission aims at easing communication between patients and medical service providers, and also supporting teaching and learning in the medical field for the students and teachers in the Luganda speaking areas."
"Ebigambo bino bifuniddwa okuva mu boogezi b’olulimi, okuva mu mawulire ate ennyinnyonnyola yaabyo n’eggyibwa mu basawo abakugu n’abajjanjabi.","The words are a compilation from Luganda speakers, from health news in the media and from medical practitioners who have also given manings to these medical terminologies."
EBISOOKERWAKO,FOREWORD
"BAJJAJJAFFE baamanya nti emmere n'ebimera ebitwetoolodde ddagala. Baamanya nga bwe balya obulungi, ne bafuna amazzi amalungi, ne bafuna empewo ennungi, ng’omuntu aba mulamu, era awona obulwadde obuba bumuzinze. Enzijanjaba eyaffe ey'edda twagidibya nga tufunye abagenyi abaatukyayisa ebyaffe. Kale omulimu ogukomyawo okumanya amannya g'endwadde n'eddagala bye twali tumanyi kirungi nnyo. Twafuna ebigambo ebitaali bya Luganda naye nga bituyigiriza enzijanjaba ey'omulembe n'okukola emirimu egy'enjawulo mu Luganda. Kale ebigambo ebyo bwe tubiyiga mu Luganda kijja kwongera okufuna obukugu obw'emirundi ebiri, enzijanjaba engwira n'eyaffe ey'edda. Kirungi abantu ab'enjawulo nabo bongere okunoonyereza mu mirimu egy'enjawulo, tubiwe bannaffe abatandise omulimu guno, tusobole okuba abakugu mu bintu bingi, kyokka nga tusigadde tuli Baganda mu buli nsonga.","OUR ancestors knew that food and plants were medicine. They knew that by eating properly, getting fresh and clean water, and getting fresh air, one gets good health and can fight off invading disease. Our old ways of treating the sick as well as doing different jobs were abandoned when foreigners came and made us hate our culture telling us that it was primitive. Now this great job of bringing back that old Kiganda knowledge of the names of diseases and the drugs that cured them is great. We got foreign words teaching us modern medicine and doing different jobs. When we get our Luganda words relating to and explaining the foreign words, this is a big step to making us experts both in foreign and our old ways of work. It is of utmost importance that different people do research in those terminologies in Luganda and pass them to the group that started this great job of relating the old traditional knowledge with the modern as a way of helping us become experts in different jobs while we remain Baganda."
"Omusawo alongoosa, akola mu Kampala Hospital",Surgeon at Kampala Hospital
EBIKWATA KU BAWANDIISI,ABOUT THE AUTHORS
"EKITABO kino kiwandiikiddwa bannakakiiko ka Luganda/ Lusoga Lugwere oluvannyuma lw’okukola okunoonyereza mu bantu abatali bamu abakugu b’olulimi Oluganda, n’abakugu mu mirimu egitali gimu omuli abasawo abatendeke mu malwaliro n’abo abajjanjaba mu nkola ey’ekinnansi, abakola emirimu nga obuweesi, obuzimbi n’obwamakanika.","THIS book was written by members of the Luganda/ Lusoga/ Lugwere Vehicular Cross-border Language Commission who compiled terminologies after research and consultations with medical practitioners, artisans, mechanics and selected Luganda language specialists."
"Ebigambo by’ekisawo biwandiikiddwa Margaret Nankinga ne Dr. Adam Kimala omusawo alongoosa owa Kampala Hospital nga bayambibwako Ambrose Kiyingi ng’ono mujjanjabi akozeeko mu malwaliro ag’omu byalo okuli Seeta Namuganga ne Naggalama nga kati asoma diguli mu bwannansi, wamu ne Patrick Katongole asoma eby’eddagala. Bano bombi bali mu yunisite ya Ssaayansi n’amagezi ag’ekikugu (tekinologiya) e Mbarara.","The medical terminologies were compiled by Margaret Nankinga and Dr. Adam Kimala with the support of Ambrose Kiyingi and Patrick Katongole. Margaret Nankinga is a teacher of Luganda, an editor and author, Dr Kimala is a surgeon at Kampala Hospital while Ambrose Kiyingi is a nurse who has worked in rural hospitals; at Seeta Namuganga in Kayunga district and Naggalama Hospital in Mukono district. He is currently doing a degree in Nursing at Mbarara University of Science and Technology. Katongole is a student of pharmaceutical sciences at Mbarara University."
Ebigambo by’obuweesi bikuaanyiziddwa Joyce Naluggya Tomusange eyakola okunoonyereza mu baweesi b’e Katwe ne Masaka. Naluggya muwandiisi wa butabo mu Luganda. Ebigambo by’obwamakanika byakuaanyizibwa Fred Lukabwe Kisirikko eyakola okunoonyereza mu bamakanika abatali bamu e Kampala ne Masaka. Kisirikko ye Ssentebe w’Ekibiina Ky’olulimi Oluganda ate ebikwata ku kuzimba ne biwandiikibwa Florence Nabacwa eyabinoonyerezaako mu Kampala ne Wakiso. Nabacwa musomesa.,"The metalsmiths’ terminologies were compiled by Joyce Naluggya Tomusange, after consulting artisans in Katwe and Masaka. Naluggya is an author of books in Luganda language. The terminologies of mechanics were compiled by Fred Lukabwe, the Chairman of the Luganda Language Soceity after consulting mechanics in Kampala and Masaka. Building and construction terminologies were compiled by Florence Nabacwa after consulting building specialists in Wakiso and Kampala. Nabacwa is a teacher."
"Bisengekeddwa Margaret Nankinga, omukwanaganya w’akakiiko.",Layout is by Margaret Nankinga.
OKWEBAZA,APPRECIATION
Twebaza abantu bonna abakoze obutaweera okulaba ekitabo kino nga kifuluma.,Appreciation goes to all those people who supported the compilation and production of this book.
"Twebaza abakugu b’olulimi Oluganda okuva mu yunivasite e Makerere, Uganda Martyrs’ University, Muteesa Royal University, abeebyenjigiriza, bannaddiini n’Abeekibiina ky’Olulimi Oluganda abakkiriza nga tubayise okujja okukubaganya ebirowoozo n’okuwabula ku bigambo bino era okuwabula kwammwe kwe tuzimbidde ekitabo kino. (Olukalala lw’amannya gaabwe luli ku lupapula 55).","Special thanks go to Luganda language specialists from Makerere University, Uganda Martyrs’ University, Muteesa Royal University, educationists, religious leaders and members of Luganda Language Soceity who agreed to participate in the workshop to discuss these terminologies and made contributions which have helped in the production of this book."
"Twebaza abaweesi b’e Katwe, abazimbi ne bamakanika mu Kampala Wakiso ne Masaka abakkiriza okutuwa bye bamanyi ku lulimi lwe bakozesa mu mirimu gyabwe.","We are also grateful to all the medical workers and artisans in Kampala, Wakiso and Masaka who positively contributed to the compilation of the terminologies in this book."
Twebaza Obwakabaka bwa Buganda obwatuwa ekifo we twakuaanira nga tukubaganya ebirowoozo ku bigambo bino.,We thank the Buganda government for providing us with space to hold our workshop.
Okwagala n’okwewaayo kwe mwalaga n’amagezi ge mwawa bye bitusobozesezza okufulumya ekitabo kino era tulina essuubi nti omulimu gwe tutandise muli baakugwongerako.,All your contributions and advice contributed greatly to the production of this book and we hope that you will add to the work we have started.
Ebigambo by’ekisawo,Medical terminologies
Ebigambo by’okukanika,Mechanical terminologies
Ebigambo by’okuweesa,Metal artisans’ terminologies
Ebigambo by’okuzimba,Builders’ terminologies
Ebisembayo,Appendix
ESSUULA ESOOKA,CHAPTER ONE
ESSUULA 1,CHAPTER 1
Entumbi,Volvulous
Ebinyaanya,Psoriasis
Sukaali,Diabetes
Sukaali akwata abakazi abali embuto,Gestational diabetes
Ssukaali mu bembuto,Gestational diabetes
Ekyuma ekikyusa eddagala ey’amazzi ne lifuuka omukka,Nebuliser
Endwadde z’amagumba,Osteopath
Okuwutta,Dementia
Obwongo okusanguka,Dementia
Okubulwa otulo okw’olutentezi,Chronic insomnia
Kafuuwalususu,Melatonin
Kakyusamubiri,Circadian rhythm
Entunnunsi,Cardiac rhythm
Kaboole,Plaque
Ekikeeto,Acid reflux
Kavunzamannyo,Cariogenics
Kakebejjamabeere,Mammography
Kisalamabeere,Mastectomies
Kirongoosabbeere,Mastectomies
Okwekebejja munda mu lubuto,Laparoscopic investigation
Entabiro y’obusimu,Coronary plexus
Omwaliiro gw’obusimu,Coronary plexus
Obulumi mu ssaabiro,Costoclavicular syndrome
Enjoka ez’eddumi,Dysmenorrhea
Kalindamwana,Endometrium
Kalindamwana omulwadde,Endometriosis
Akalaakiiro,Diphtheria
Okutuuma obulwadde erinnya,Diagnosis
Ekiwato,Pelvis
Ekizimba,Tumour
Ekizimba ku bwongo,Choroid plexus papilloma tumour
Amasaŋŋanzira g’obusimu,Plexus
Amambulugga,Mumps
Ebisenge by’amagezi,Hippocampus
Obusimu bw’amasannyalaze,Neurons
Akatoffaali k’obusimu,Neural cell
Akasimu akasabike,Neural Fiber
Ekisenge ky’obujjukizi,Dentate gyryus
Obutoffaali obuzimba ebisenge by’amagezi,Hippocampal neurons
Enkula y’obusimu,Neurogenesis
Abaserikale b’omubiri,Antibodies
Akatoffaali nnakizaalizi,Neural precursor cells
Eddagala erigema okuzaala,Contraceptives
Kawuuzi w’omubiri,Multiple sclerosis
Amabwa g’omu bulago,Tonsillitis
Ssekattabuwuka,Antimicrobial
Kattabuwuka,Antibiotics
Eddagala kagemakuzaala,Contraceptives
Obulwadde kasulikabwongo,Pediatric autoimmune neuropsychiatric disorders
Situleputokookasi,Streptococcus
Yinfekisoni,Infection
Obulwadde bwa situleputokookasi,Streptococcal infection
Okuvunda kw’omubiri,Sepsis
Kaleetandwadde,Pathogens
Entambula y’endwadde,Pathogenesis
Olukonvuba,Chronic disease
Ensulo nnamazzi,Lymphatic system
Oluzzi lw’ensulo nnamazzi,Lymph node
Kanyonyoogerabusimu,Synesthesia
Okusimbuliza,Transplant
Okukussaamu nnabaana,Uterus transplants
Amagi g’omukazi,Ovary
Eggi ly’omukazi,Ovium
Okuggyamu oba okusala ku nnabaana,Hysterectomy
Obulwadde bw’akazoole,Psychosis
Omutima okwesiba,Cardiac arrest
Enfaanana,Physiognomy
Okusannyalala ekitundu ky’omubiri,Paraplegic
Okusannyalala oludda,Hemiplegia
Kookolo (kkansa) w’omu musaayi,Leukemia
kkansa w’omu musaayi,Leukemia
Kakyusabwongo,Neuroplastic change
Obulumi obw’olutentezi,Chronic pain
Kookolo w’omu mumiro,Oesophageal cancer
Endwadde ekwata obutoffaali bw’empulirizo,Motor neuron disease
Omubiri okwokebwa,Thermal injury
Kawuuzi amera awali ettuulituuli,Cystic fibrosis
Obulwadde bw’ensulo nnamazzi,Lymphoma
Okugwa emmeeme ey’emabega,Rectal prolapsed
Birihaaziya,Bilharzia
onkosalukosisi,Bilharzia
Vayiraasi,Virus
Enzijanjaba eteri ya bulijjo,Allopathy
Kawagamubiri enzaale,Phytoestrogens
Kazibamawuggwe,Chronic Obstructive Pulmonary Disease (COPD)
Amasavu agava mu bimera,Phytosterols
Enzijanjaba ey’okuconcona,Acupuncture
Amakiro,Eclampsia
Okwennyika kwa nnakawere,Postpartum depression
Okwennyika kwa nnakawere,Postnatal depression
Enkaka,Jaundice
Akawompo k’oku nkoona,Posterior fontanelle
Olububi olubisse obwongo n’enkizi,Epidural
Okulunguula kw’enkizi,Transverse myelitis
Obulema obuzaale obw’amagumba,Osteogenesis Imperfecta
Omutwe omuteezi,Migraine
Otulo otw’ekiwamma,Insomnia
Obubwa oba obuzimba bw’embalabe,Cystic acne
Omusawo w’ensusu,Dermatologist
Eddagala eryagaza okwegatta mu by’omukwano,Aphrodisiac
Kazaalamasavu,Triglycerides
Okulunguula kw’omubiri,Inflammation
Ennaanu y’eŋŋaano,Gluten
Okufukaafuka,Polyuria
Nkalamata etesalako,Polydipsia
Okulya ennyo,Polyphagia
Amasavu mu musaayi,Dyslipidemia
Okufa emmunye,Retinopathy
Obulwadde bw’ensigo,Nephropathy
Obulwadde obukwata emisuwa egy’oku bwongo,Cerebrovascular disease
Endwadde munda mu bisenge by’ebyenda,Celiac disease
Amasavu agasusse mu musaayi,Hyperlipidemia
Obutuuliro,Gluteal region
Eddagala erikubwa mu misuwa,Intravenous
Olupiira katambuzamusaayi,Intravenous catheter
Ssukaali owa wansi,Hypoglycemia
Ettulu ery’ekiseera,Transient Monocular Vision Loss
Kawuuzi w’emisuwa,Atherosclerosis
Omujjanjabi w’amaaso,Ophthalmologist
Ttumbiizi,Bloating
Kakenge,Bloating
Okuwutta,Alzheimer's 
Okusanguka obwongo,Alzheimer's 
Obulwadde obukosa entambula,Irritable Bowel Syndrome (IBS)
emkola y’ebyenda,Irritable Bowel Syndrome (IBS)
Amakugunyu,Gluteus
Ppata okuta,Incontinence
Okuyitira,Incontinence
Amagumba okwerya oba okukakanyala,Osteoporosis
Okulunguula kw’ekimiro,Bronchitis
Amamiro,Bronchitis
Ebizimba ebirimu kkansa,Malignant tumours
Ebizimba ebirimu kookolo,Malignant tumours
Emisuwa egizimbye,Varicose veins
Emiziga egizimbye,Varicose veins
Endwadde ezitulira,Contagious diseases
Kookolo w’obusajja,Penile cancer
Ensiriba z’obusimu,Neurofibromatosis (NF)
Okutya okusukkiridde,Phobia
Obuyinja mu nsigo,Kidney stones
Ebituulituuli ku nsigo,Cysts Polycystic Kidney Disease (PKD)
Okufa ensigo,Renal failure
Okussa ng’omukka obaka mubake,Apnoea
Kuzza kkubo lya mmere mu kabuto akato,Gastric bypass
Makebe,Gland
 Kibondo,Gland
Ensanjabavu y’oku bwongo,Pituitary gland
Ekibondo kaliisamusaayi,Endocrine glands
Ekibondo kaliisamubiri,Exocrine glands
Ekizimba mu nsanjabavu y’oku bwongo,Craniopharyngioma
Okukalirira ekitundu ekirwadde ng’ogenderera okukiwonya,Proton beam therapy
Buweke bw’obutoffaali,Protons
Omulongoosa,Surgeon
Omusawo alongoosa,Surgeon
Essomo ly’obusobozi bw’abantu,Ergonomics
Amakebe,Sweat glands
 Ekibondo ky’entuuyo,Sweat glands
Amakebe,Apocrine glands
Ekibondo ky’entuuyo,Apocrine glands
Okufukumuka entuuyo,Hyperhidrosis
Omukugu mu kujjanjaba ensusu,Dermatologist
Sswiici efuga omubiri,Hypothalamus
kazaalalutuuyotuuyo,Eccrine glands
Ennywanto,Nipples
Enkwawa,Armpits
Embalakaso,Genitals
Embaasuulo,Genitals
Enso,Patella
Obuwuka obubeera mu mubiri obugulwaza,Staphylococcus hominis
Olusu,Malodorous byproducts
Kattantuuyo,Antiperspirants
Okuwunya kw’omubiri okw’engeri zonna,Odour
Okuwunya olutuuyotuuyo,Malodorous sweat
Kakubisamutima,Pacemaker
Endwadde y’obusimu obutambuza omubiri,Motor neuron disease
Endwadde esannyalaza omubiri,Amyotrophic lateral sclerosis (ALS)
Omubiri okusika amasannyalaze,Electrosensitivity
Okusinduukirirwa emmeeme,Nausea
Mulalama,Meningitis
Mulalama ava ku buwuka bwa kuliputokoko,Cryptococcal meningitis
Akafuba,Tuberculosis
Olufuba,Asthma
Asima,Asthma
Abakugu mu ndwadde z’ebigere,Podiatrists
Okussa ku mulwadde amazzi oba omusaayi,Transfusion
Ssukaali okukka ennyo,Hypoglycemia
Ssukaali okulinnya ennyo,Hyperglycemia
Okuyulika kw’ekibebenu ky’evviivi,Meniscus tears
Okulunguula ebinywa,Tendinitis
Ggaamu w’omubiri,Collagen
Okufa kw’ekitundu ku mubiri,Necrosis
Kattabuwuka,Antiseptic
Ebituulituuli,Blisters
Mugaba,Stria gravidarum
Okulunguula kw’olususu,Cellulitis
Eddagala erijjanjaba okulunguula kw’olususu,Anti-cellulitis
Okuweekeera,Stridor
Okulunguula kw’akasaanikira k’amamiro,Epiglottitis
Okulunguula kw’akasaanikira k’ekimiro,Epiglottitis
Homoni z'ekisajja,Testosterone
Kakozzalukizi,Spinal Muscular Atrophy (SMA)
Kattabulumi,Analgesic
Obujjanjabi,Therapy
Amasira mu musaayi,Septicemia
Okuzimba omutima,Ventricular hypertrophy (LVH)
Ekitundu ky’omutima ekya kkono okuzimba,Left ventricular mass
Omukugu mu ndwadde z’omu lubuto,Gastroenterologist
Abalwadde abatali ba bitanda,Outpatients
Abalwadde abali ku bitanda,Inpatients
Kalabamunda,ENDOSCOPY
Endagabutonde,DEOXYRIBONUCLEIC ACID
Endagabutonde,DNA 
Kaanikanda,Radiology
Kompyuta kaanikanda,CT Scan
Kativvi,CT Scan
Kakebejjanda,Ultrasound
Essomo ly’endwadde z’omutima,Cardiology
Kalondoozi w’amasannyalaze g’omutima,Electrocardiography
Likodi y’amasannyalaze g’omutima,Electrocardiogram
Katangaazamutima,Echocardiography
Kakebejjamutima,Holter Monitoring
Kakebejjamisuwa,CT Angiogragraphy
Okukuba ebifaananyi munda mu mubiri,Multi Slice
Okulongoosa omusaayi oguli mu mubiri ng’okozesa ebyuma ,Dialysis
Kafusabyuma ,Continuous Renal Replacement Therapy
Omubiri okwejjanjaba,Physiotherapy
Okwekebejja omukka oguli mu musaayi,Arterial Blood Gas
Emmere ddagala,Dietetics
Ebyendiisa,Nutrition
Awajjanjabirwa abayi,Intensive Care
Okulongoosa,General surgery
Okulongoosa omuntu nga tomusaze,Minimally invasive surgery
Endabirira y’omukazi ng’azaala,Obstetrics
Enzijanjaba y’obukazi,Gynaecology
Ennongoosa ey’akatuli,Laparascopic gynaecology
Okujjanjaba abaana,Paediatrics
Enzijanjaba y’abaana,Paediatric care
Okujjanjaba abawere,Neonatology
Okuyunga n’okujjanjaba amagumba,Orthopaedics
Kakebejjannyingo,Arthroscope
Okulongoosa ennyingo ng’okozesa kakebejjannyingo,Arthroscopic surgery
Okulongoosa obusimu,Neurosurgery
Okujjanjaba ebizimba,Medical oncology
Omukugu mu kujjanjaba ebizimba,Oncologist
Kawagamubiri,Hormones
Enzijanjaba y’ebitundu ebifuka,Urology
Okujjanjaba emitima,Cardiology
Endabirira y’abayi,Critical care
Endabirira y’abawere,Neonatal Care
"Amatu, ennyindo n’emimiro",ENT
"Okulongoosa mu matu, ennyindo n’emimiro",Endoscopic ENT Surgery
Kakyusandabika,Plastic surgery
Okutereeza n’okuzzaawo endabika y’ekitundu ku mubiri,Reconstructive surgery
Ennongoosa y’ebitundu ku mutwe n’akamwa,Oral and Maxillo facial surgery
Enzijanjaba y’ebitundu ebikola ku kussa,Pulmonology
Enzijanjaba y’olubuto n’ebyenda,Gastroenterology
"Enzijanjaba y’ekibumba, akalulwe n’akataago",Hepatology
Ekibumba,Liver
Akalulwe,Gallbladder
Akataago,Pancreas
Enzijanjaba eteri ya kulongoosa,Internal medicine
Obujjanjabi obuweebwa ab’omu maka,Family medicine
Obukugu bw’okujjanjabisa amayengo g’amasannyalaze,Radiology
Obukugu bw’okujjanjaba endwadde z’obwongo,Clinical Psychology
Enzijanjaba z’omunÿo,Practology
Okulongoosa emisuwa n’amasannyalaze,Venous Laser Surgery
Okulongoosa amagumba g’enkizi,Percutaneous Laser Disc
Okulongoosa amagumba olugongo,Percutaneous Laser Disc
Enzijanjaba y’amaaso,Ophthalmology
Ekkeberero ly’emitima,Catheterisation Laboratory
Ekkeberero ly’emitima,Cath Lab
Kakebejjansigo,Nephrology
Abaana abakolere mu bucupa,IVF
Okuwakisa mu bucupa,IVF
Abaana abakolere mu bucupa,In Vitro Fertilisation
Okuwakisa mu bucupa,In Vitro Fertilisation
Kasalabbuto,Bariatric Surgery
kubembula masavu,Bariatric Surgery
Ssweeta ey’omulembe,Modular Operation Theatre
Ebyamannyo,Dental
Ebitanda okuzaalirwa,LDR Suits
Olunnyo lw’omu ssanya,LDR Suits
Ebitanda okuzaalirwa,Labor Suits
Olunnyo lw’omu ssanya,Labor Suits
Ebitanda okuzaalirwa,delivery suits
Olunnyo lw’omu ssanya,delivery suits
Ebitanda okuzaalirwa,recovery suits
Olunnyo lw’omu ssanya,recovery suits
Enzijanjaba ezuukusa ebitundu obusimu,Occupational Therapy
Enzijanjaba ezuukusa ebitundu by’obusimu,Occupational Therapy
Lukebera,Pathology
Okusannyalala,Stroke
 Situlooko,Stroke
Akasaayi kitukutwe,Thrombosis
Akasaayi akeetukutukidde mu musuwa,Thrombosis
Akatole k’omusaayi mu musuwa,Thrombosis
Akasaayi sirombooso,Thrombosis
Okusannyalaza,Anaesthesia
Okusannyalazaako ekitundu,Epidural
Okusannyalazaako ekitundu,regional anaesthesia
Omukazi eyalongoosebwamuko omwana okuzaala omulala nga talongooseddwa,Vaginal Birth After Caesarean
Ssaayansi w’endwadde z’ensigo,Nephrology
Okulongoosa omusaayi oguli mu mubiri n’ebyuma,Haemodialysis
Okulongoosa omusaayi n’akabubi k’omu lubuto,Continuous Ambulatory Peritoneal Dialysis
Olulibaliba,Peritoneum
Obutwa mu mubiri,Toxins
Okusimbuliza ekitundu ky’omubiri,Transplantation
Okusimbuliza omutima,Heart transplant
Okusimbuliza ensigo,Kidney transplant
Okumenyaamenya emmere,Metabolism
Ebiriisa kazimbamubiri,Proteins
Ebiriisa kawamaanyi,Carbohydrates
Katuggululabinywa,Creatine
Ebisigala bya kataggululabinywa,Creatinine
Ebipimo by’entujja y’omutima ogukuba ennyo,Systolic blood pressure readings
Ebipimo by’entujja y’omutima oguwummudde,Diastolic blood pressure readings
Entujja y’omutima esinga okuba waggulu,Systolic pressure
Entujja y’omutima esinga okuba wansi,Diastolic pressure
Katanywaddagala,Naturopathy
Kaanikandwadde,Homeopathy
Obusibage,Immune system
Kalwanyisandwadde,Immune system
engabo y’endwadde,Immune system
Kattabusibage,HIV
Kattabusibage, Human Immunodeficiency Virus
Kattabulumi,Endorphins
Eddagala kasirisabulumi,Analgesic
Obutalumwa,Analgesia
Amaaso okuyimbaala olwa kompyuta,Computer Vision syndrome
Eddookooli,Thyroid gland
Endwadde y’eddookooli,Goitre
Kazimbyaddookooli,Goitre
Endagabujjanjabi,Prescription
Ayodiini w’eddookooli,Radioiodine
Kkansa omusirikitu,Microcarcinomas
kookolo omusirikitu,Microcarcinomas
Kookolo omunene,Macrocarcinomas
Kkansa omunene,Macrocarcinomas
Yinsuliini,Insulin
Kizuuzi w’endwadde,Biopsy
Kawagamubiri w’eddookooli,Levothyroxine
Nnamusuna,German measles
Kawaali,Small pox
Olukusense,Measles
Omulangira,Measles
Amakebe,Sebaceous glands
Ekibondo kanyirizalususu,Sebaceous glands
Kyenvu w’eggi,Retinol
Ebiriisa bya vitamiini A,Retinoid
Okwokebwa abalongo,VITILIGO
Okwokebwa abalongo,Leucoderma
Kookolo w’olususu,Carcinoma
Endwadde y’ebipaapi,Eczema
Kabootongo,Syphillis
Katabuladdagala,Chemist
Omutabuzi w’eddagala,Chemist
Mukugu mu nkozesa y’eddagala,Pharmacist
Kagabaddagala,Dispenser
Puleesa eya waggulu,Hypertension
Amaaso okuyimbaala,Age related macular degeneration
Omukozi wa gaalubindi,Optician
Kakolagaalubindi,Optician
Firimu y’eriiso,Retina
Endabirabi y’amaaso,Macula
Endabiso y’amaaso,Macula
Akayuuya,Sickle
Omuyuuya ,Sickler
Olubuto okwesiba,Constipation
Okupiripiisa,Enema
Obulemu obuzaale,Congenital
Ebizimba ebirimu kawuuzi,Multiple Sclerosis
Obucuuzicuuzi bw’omubiri,Prostaglandins
Nnabaana,Uterus
Nnabaana okugwa,Uterine prolapsed
Ebisa,Uterine contractions
Nnakayaga,Tetrahydrocannabinol
Nnakayaga,THC
Kawunzabwongo,Psychotropic
Puleesa eya wansi,Hypotension
Katuggamisuwa,Serotonin
Katambuzabusimu,Neurotransmitter
Katababusimu,Synapse
Eddagala masanyu,Selective serotonin reuptake inhibitors
Ensaasaanya y’endwadde,Epidemiology
Ebinnyonnyola endwadde z’omu musaayi,Genomics
Ssaayansi w’enkula y’omutima,Cardiovascular genomics
Enkola y’obusimu,Neurochemistry
Okulwala obuko,Parkinson’s disease
Kawagabusimu,Dopamine
Kakerenda akazaale,Gene
Kakerenda kaava ku lubaya,Gene
Kootakoota ,Scoliosis
Amakiro,Eclampsia
Kattabwongo,Huntington’s Disease
Kakyusabutonde,Mutation
Kawuuzi mu kibumba,Cirrhosis
Empulirizo z’omutima,Cardiac sensors
kkansa w’omu musaayi,Leukemia
Kookolo w’omu musaayi,Leukemia
Okukozesa eddagala okujjanjaba kookolo,Chemotherapy
Akataffaali nnakizaalizi,Stem Cell
Kookolo w’amagumba,Lymphoblastic Leukaemia
Omulwadde abadde ku kitanda okusiibulwa mu ddwaaliro,Discharge
Olusirasira,Discharge
Oluzzizzi,Discharge
Obusomyo,Bone marrow
Okusirisa omuntu agenda okulongoosebwa,General anaethetic
Kawagamubiri ow’obunkenke,Cortisol
Ebibuno,Gums
Kalwanyamubiri,Cytokines
Okutomerwa endiga,Acquired Erectile dysfunction
okufa amaka,Acquired Erectile dysfunction
Omufiirwa,Natural erectile dysfunction
Kavunzabibuno,Periodontal Disease
Kaboola,Gingivitis
Kawangulamannyo,Periodontitis
Ennyingo ezimeketa,Arthritis
Ennyingo ez’akabuutu,Rheumatoid arthritis
Akamwa,Oral Cavity
Ebituli mu mannyo,Dental cavities
Entabiro y’akawanga n’ensingo,Craniocervical junction
Kannyogozandwadde,Cryotherapy
Ebinywa,Ligaments
Endwadde y’okugugumuka,Post-traumatic stress disorder
Eggumba ekkolerere,Bionic bone implant
Eggumba Magezigabaganda,Bionic bone implant
Omubiri omukolerere,Prosthesis
Omubiri Magezigabaganda,Prosthesis
Ennyingo eya ppata,Hinge joint
Okusimbuliza olususu,Skin graft
Eggumba nnakataba,Bone graft
Eggumba Magezigabaganda,Prosthetic bone
Eggumba ekkolere,Prosthetic bone
Eggumba ly’omukono erya waggulu,Humerus
Katuuka,Prostate
Entula z’abasajja,Testes
Ebibeere,Testes
Okwekebejja Akatuuka,Prostate biopsy
Obujjanjabi obwa kawunyira,Aromatherapy
Okutangaaza’ Ekisire y’ebitundu by’abasajja eby’ekyama,Transrectal Ultrasounds
Ekyebikiro ky’Akatuuka,Prostate Specific Antigen
Kookolo w’Akatuuka,Protate Cancer
Ebizimba mu ne ku nnabaana,Fibroids
Ekizimba ekirimu kawuuzi,Cystic Fibrosis
Kaabuvubuka,Puberty
Ensenke,Cataracts
Endwadde y’okuwuba,Autism
Omutima okwesiba,Cardiac arrest
Obusawo obwa kiyambi,Paramedics
Palamediki,Paramedics
Omusawo kiyambi,Paramedics
Okuzirika,Coma
Kkoma,Coma
Omusirisa w’abalwadde,Anesthesiologist
Ssaayansi w’okusirisa abalwadde,Clinical anesthesiology
Kattabulumi,Opioid Fentanyl
Okwekebejja emirambo,Autopsy
Obujjanjabi bw’omulongoose,Perioperative Medicine
Omukugu mu by’obutwa,Taxicologist
Ddoozi enzijuvu,Therapeutic dose
Obujjanjabi,Therapy
Obulwadde bw’omutima obuzaale,Congenital Heart Condition
Olususu lw’omu kamwa,Oral epithelium
Ebinnyo,Natal teeth
Amannyo agamera oluvannyuma lw’okuzaalibwa,Neonatal teeth
Embeera y’amannyo enzaale,Congenital teeth
Malibuttole omuzaale,Hypodontia
Amannyo agamerera mu lubuto,Foetal teeth
Amannyo amabereberye,Decidual teeth
Ekibebenu,Cartilage
Ennyingo,Joints
Ssaayansi w’obulamu,Biology
Bayologiya,Biology
Ssaayansi w’enkola,Physiology
Kayungirizi,Catalyst
Njolekaluse,DNA
Njolekabutonde,DNA
Ndagabutonde,DNA
Njolekaluse,Deoxyribose Nucleic Acids
Njolekabutonde,Deoxyribose Nucleic Acids
Ndagabutonde,Deoxyribose Nucleic Acids
Entonda y’ekintu,Anatomia
 Enkula y’ekintu,Anatomia
Eŋŋumbagumba,Skelton
Obuligirigi,Spinal processes
Enkizi,Spinal cord
Ebinywa,Tendon
Ligamenti,Ligament
Emisuwa katwalamusaayi,Veins
Omusuwa Kaggyamusaayi,Artery
Nkoto,Hind head
Nkoona,Occiput
Mpumi,Forehead
Lususu,Skin
Mugaba,Sretchmarks
Mugaba,strae
Emmembe,Eshcar
Olwala,Nail
Ebinyinyi,Eye discharge
Obukoowekoowe,Eyelashes
Ebisige,Eyebrows
Ekiwalaata,Bald head
Ebyenkwawa,Armpit hair
Akalevu,Chin
Ekirevu,Beard
Nnyindo,Nose
kalindaminyira,Nosal septum
Okutu,Ear
Akakongovule,Ankle
Vviivi,Knee
Olukokola,Elbow
Oluteega,Archilles tendon
Amalusu,Saliva
Okukontola,Click sound
Kawompo,Fontanelle
Kisinziiro,Heel
Nkwawa,Armpit
Okugwa emmeeme,Rectal prolapsed
Obwongo obulabika,Brain
Obwongo obutalabika,Intelligence
Amagezi,Intelligence
Omwoyo,Soul
Ekifuba,Chest
Kibegabega,Shoulder
Mumiro,Oesophogus
Kimiro,Trachea
Olubuto,Stomach
Ekibutobuto,Abdomen
Ekyenda ekinene,Large intestine
Ssebusa,Stomach
Ebyenda,Intestines
Kikulumu,Duodenum
Kataago,Spleen
Kabengo,Enlarged Spleen
Akawago,Urinary bladder
Akalulwe,Gallbladder
Ekkubo lya nakakaawa,Bile duct
Ennuuni,Pancreas
Ekisaanikira ky’akamiro akato,Epiglotis
Akabikka akamiro akato,Epiglotis
Kaloboozi,Voice box
Kaloboozi,vocal cords
Kaloboozi,Larynx
Obutaffaali,Cells
Oluzzizz,Lymph
Entuuyo,Sweat
Olutuuyotuuyo,Diaphoresis
Omuzigo kabirikaliiri,Sebum
Ekibondo,Gland
Ekibondo ky’oluzzizzi,Lymph
Ekibondo ky’amalusu ,Salivary glands
Ensigo,Kidney
Enkwaso,Sperms
Eggi,Ovule
Ekisu ky’eggi,Ovary
Ensongobe,Foetus
Ekitanyi,Placenta
Omwana ow’emabega,Placenta
omwana owookubiri,Placenta
Okuzaala,Delivery
Okwosera,The period between delivery and another conception
Obwannakawere,Puerperium
Ekirira,Umblical cord
Obwosi,Kwashiakor
Okuzzaako,Child spacing
Ekireego,Marasmus
Omusujja gw’ensiri,Malaria
Omusujja gw’omu byenda,Typhoid
Nnamusuna,Chicken pox
Bigenge,Leprosy
Kawaali,Small pox
Ekiddukano,Diarrhea
Wayirindi,Scabies
Lubyamira,Pneumonia
Ensenke,Cataract
Ejjanga,Teary eyes
Ndali,Strabismus
Mpujjo,Mild strabismus
Kawumpuli,Babonic plague
Nsimbu,Epilepsy
Ebigwo,Epilepsy
Okuzirika,Fainting
Okuzirika,Syncope
Biwalattaka,Acute
Biwalattaka,critical
Alusa,Peptic Ulcers
Ekikeeto,Heart burn
Oluyiro,Asthma
Ebbango,Hunchback
Ebbango,Kyphosis
Ettalo,Cellulitis
Ebizimba,Boils
Obugeregere,Tinea pedis
Obugeregere,Athletes foot
Ensalika,Foot Cracks
Akasekere,Stye
Ekigalanga,Fibroids
Okugulumba,Grumbling stomach
Ekibobe,Rhinolith
Kasikonda,Hiccups
Kinsimbye,Colic pain
Omutwe omuteezi,Migraine headache
Omutwe ogubobba,Tension headache
Omutwe ogumyansa,Cluster headache
Okwerumuka,Epistaxis
Amambulugga,Mumps
Ebiguuna,Tinea capitis
Oluumu,Tinea corporis
Ebisente,pityriasis
Ebisente,Tinea versicolor
Ebigalo,Onychomycosis
Enkovu,Scars
Olukindo,Incision site
Olukindo,previous scar
Empanama,Hydrocele
Tetenasi,Tetanus
Ekivundu,Odour
Okukogga,Weight loss
Okukenena,Extreme weight loss
Okukenena,emanciation
Okuwuukeera,Wheezing
Okuweekeera,Hyper ventilation
Okusikondoka,Chyne-stroke breathing
Okubaka omukka,Gasping
Okunanaagira,Stammering
Okunanaagira,Stuttering
Obulago okusaakaala,Hoarse voice
Akawoowo,Scent
Okujjanjaba,Treat
Okuvumula,Cure
Okuwonya,Cure
Okussuuka,Recover
Okubudaabuda,Rehabilitation
Okugema,Immunise
Okusibaga,Immunise
Okuziyiza,Prevent
Obusibage,Immunity
Obugeme,Immunity
Olususu lw’oku mutwe,Scalp
Enkwawa,Axilla
Enkwawa,armpit
Ekkundi,Umblicus
Akawago,Bladder
Ekkubo ly’omusulo,Urethra
Embalakaso n’embaasuulo,Groin
Embalakaso n’embaasuulo,Inguinal region
Ppata,Sphincter
Ekiwanga,Nasal cavity
Ekibuno ekya waggulu,Hard palate
Akabuno,Soft palate
Nnakamiro,Larynx
Akamiro akato,Trachea
Akabebenu,Diaphragm
Emmeeme ey’emabega,Rectal prolapse
Akabutobuto,Peritoneal cavity
Obutoffaali obumyufu,Red cells
Kasaayikamudaaki,Haemoglobin
Obutoffaali obulwanyi,White cells
Ebitundu by’omubiri,Organs
Ebitundu by’omubiri ebya ntabaluganda,System
Ebitundu ebissa,Respiratory System
Ebitundu ebikola ku musulo,Urinary system
Olususu olw’olunyiranyira,Mucosa
Omuwulenge,Duct
Obwongo,Brain
Olugongogongo,Backbone
Olugongogongo,Vertebral column
Olugongogongo,spine
Olubuno,Gums
Omufundo,Anus
Okumenyaamenya emmere,Digestion
Okugaaya,Digestion
Okumirungusa emmere,Absorption
Okupama,Excretion
Okufuluma,Excretion
Okukuba ppupu,Excretion
Ekisawo ky’abasajja,Scrotum
Ebyeru by’amaaso,Sclera
Oluzigaziga lw’okummunye,Conjuctiva
Olubuto olutuuse,Full term
Omwana atatuuse,Preterm
Omwana atatuuse,Premature
Obulemu,Deformity
Pooliyo,Polio
Ennyingo eyakakanyala,Contracture
Okugwirwa olumbe,Attack
Omulwadde,Patient
Obukosefu obwoleka obulwadde obulala,Symptoms
Obubonero bw’obulwadde,Signs
ESSUULA 2,CHAPTER 2
EBIKWATA KU KUKANIKA,TERMINOLOGIES FOR MECHANICS
KKALIYA,CARRIER
SITAADI,STAND
AMAYEMBE,HANDLE BARS
FULUWEERO,FREE WHEEL
NNAMUZIGA,FREE WHEEL
SSEBUNNYO,FREE WHEEL
EBISOTTA,PEDDLES
KWOTA PPINI,QUARTER PIN
EBIGERE,PEDAL HUB
MANDIGAADI,MUD GUARD
MUKWATABISOOTO,MUD GUARD
OBUKONO,DROP HANDLE BARS
OBUSAMBI,PEDAL CRANK ARM
OBUWANIRIZI,PEDAL CRANK ARM
EBIZIYIZA,BRAKES
KAKENDEEZAMISINDE,BRAKES
ENNANGA,DISC BRAKES
SSEZINNYO,DISC BRAKES
ETTAALA,HEAD LAMP
KKENGERE,BELL
EKIZOOSI,EXHAUST SYSTEM
KKENGERE,BICYCLE BELL
EGGABO,CHAIN STAYS
EBIZIYIZA,BRAKES
KAKNDEEZAMISINDE,BRAKES
KAFUGAMISINDE,SPEED GOVERNOR
KAKENDEEZAMISINDE,SPEED GOVERNOR
KASALAMISINDE,SPEED GOVERNOR
SSAKABUZOOBA,SHOCK ABSORBER
EKIZOOSI,EXAUST PIPE
OMUPIIRA,TYRE
SAYIDI MMIRA,SIDE MIROR
AKALABIRWAMU,SIDE MIROR
ETTAALA,LAMP
Eŋŋombe,CAR HORN
SITEERINGI,STEERING WHEEL
ENKATA,STEERING WHEEL
BBUUTU,BOOT
OBUSIIMUULA,WIPERS
BBULEEKI,HAND BRAKE
GGIYA,GEAR LEVER
EBIREVU,MUD GUARD
Sipanda,Spanner
Jeeke,Jake
Magalo,pilers
Sipeeya ttaya,Spare tyre
Ennyondo,Hammer
Omusumeeni,Seesaw
Ffuleemu Angle bars,Angle bars
Amasasi,Welding rods
Ensinjo,Chisel
Kaŋŋanka,Chisel
Obumooli obulongooseemu,Louvrers
Vayisi,Vice
Oluwawu,Sand paper
Ppata,Hinges
Enziga,Rollers
Ttooci,Torch
Ekyuma kya wolodingi,Welding machine
Kawagalo,Grinding machine
Envumbo,Body filler
Abooki b’ebyuma,Welders
Coal,Amatale
Smelting,Okufukuta
Olutabu,Iron ore
Olutabu,Smelted metal
Amasengere,Impurities from smelted metal
Ebisejja,Impurities from smelted metal
Akabiga,Smelting funnel
Ekyuma kya kkalwe,Steel
Ekikomo,Copper
Okugenekera,Collect smelted iron liquid
Omufukusi,Smelter
Omuvubo,Funnel
Lwera,Yellow spear
Namazzi,White spear
Ebinyolo Eŋŋango,Round pipe
Enkero,Mouth of fire funnel
Amayinja,Stones
Amayinja,Aggregates
Enkokoto,Concrete
Omusenyu,Sand
Seminti,Cement
Omusingi,Foundation
Obukondo,Profile
Nnakaweta,Square
Akaguwa,String
Emisumaali,Nails
Amatoffaali,Bricks
Bbulooka oba agataffaali,Blocks
Enkokoto,Blinding
Agayinja,Hard core
Lebeni,Spirit level
Bbirigi,Blumb bob
Ekipigiri,Compactor
Ekipigiri,Jumper
Ekipigiri,Roller
Ekipigiri,Rammer
Ddaamukoosi,Bitumen
Ddaamukoosi,Crude oil
Emitayimbwa,Iron bars
Bbiimu,Ring bim
Akasolya,Pitch
Payani,Hoop Iron
Omukomba,Rafter
Empagi,Column
Emikiikiro,Trancy
Omusekese gw’akasolya,Trancy
Omwiko,Trowel
Akasumeeni,Hand saw
Akasumeeni ak’omutego,Bow saw
Akasolya,Pitch
Bbiimu,Tie beem
Luwaga,Tie beem
Ebizingiriiti,Braces
Enzizi,Pallins
Emikiikiro,Pallins
Kimeeza,Club
Okutandaaza,Cementing
Ssemiwaatwa oba sseddugge,Round pipe
Engalama,Ceiling
Ebbunizo,Ceiling frame
Akatimba ak’engalama,Expanded wire mesh
Lebeni,Water level
Obugyo,Tiles
Obuyinja,Terazo
Ekipande,Wooden float
Ggudumala,Steel float
Amabaati,Iron sheets
Sitapuli,Staples
Enzigi,Doors
Amadirisa,Windows
Lukwata,Vice
Embaati,Mild steel plates
Obumooli obulongooseemu; Luuva,Louvrers
Abooki b’ebyuma,Welders
olubaliro,abacus
ekibinja ky’ekinnaAbel,abelian group
omuganziko,abscissa
geregere ; ggereggere,absolute
omuwendogano ggereggere,absolute coefficient
omusemberagano ggereggere,absolute convergence
omuwendo ggereggere,absolute value
ekilowoozo ekinokole,abstract thought
akasassa k’okwetuuma,accumulation point
yiika,acre
omuyiika,acreage
ensonda ensongovu,acute angle
okuggata,addition
okuggata kw’ebinnakkumi,addition of decimals
okuggata kw’emmenye,addition of fractions
omukolo omugassi,additive function
omugaliko omugassi,additive inverse
obutakoma,ad infinitum
liraanaganye,adjacent
engattiro,adjoint
okufuula kw’oluganda,affine transformation
alefu-zzeero,aleph – O
alefu – O ,aleph – O
aljebra,algebra
omukolo gw’ekyaljebra,algebraic function
ennamba y’ekyaljebra,algebraic number
ekitegeezo ky’ekyaljebra,algebraic statement
ekipande ky’omwekubiiro,alignment chart
ky’omutuukaganyo,alignment chart
ekitundu ekimenyeko,aliquot part
ekitobeko,alternant
ensonda entobeke,alternate angles
emikolo emitobeke,alternating functions
ennindi entobeke,alternating series
obugulumivu,altitude
ennamba nnamukwano,amicable numbers
oluta,amplitude
obuyunguluzi,analysis
kannabbanga omuyunguluzi,analytical geometry
obuyunguluzi bw’obwesulubabbi,analysis of variance
kompyuta y’obwefaanaanyirizi,analogue computer
omwefaanaanyirizo,analogy
kompyuta nnaminwe,digital computer
obusenserezi obuyunguluzi,analytic intimation
omukolo omuyunguluzi,analytic function
ensonda,angle
ensonda ku kasassa,angle at a point
olusalawabirye olw’ensonda,angle bisector
ensonda y’okukwatana,angle of contact
ensonda y’okuwunjuka,angle of deflection
ensonda y’obuyimufu,angle of departure
ensonda y’okuwaba,angle of deviation
ensonda y’obukuubi,angle of friction
ensonda y’okutomera,angle of incidence
ensonda y’okuwaba ssebutono,angle of minimum deviation
ensonda y’okuwunjukata,angle of reflection
ensonda y’okumenyekata,angle of refraction
ensonda y’okulaba,angle of view
ensonda ku layini,angles on a line
okwejjulula nnansonda,angular displacement
envuumulo nnansonda,angular momentum
ekizikiriza,annihilator
nnamuzisa,annihilator
ekisaazi,antecedent
ssaawakkonta,anti-clockwise
olugabirokkonta,antilogarithm
luleegakkonta,anti-parallel
okuddamu,answer
obusassa nnabigerekkonta,antipodal points
pimaganyikkonta nnawabirye,antisymmetric dyadic
omukolo omupimaganyikkonta,antisymmetric function
enkulungo ya Apollonius,Apollonius circle
ekikakase kya Apollonius,Apollonius theorem
kannakubala kkozesa,applied mathematics
okugattirira okusemberezi,approximate integration
okusembereza,approximation
ennamba y’Ekiwalabu,Arabic number
olutego,arc
arc cosh x,arc cosh x
arc cos x,arc cos x
arc sinh x,arc sinh x
arc sin x,arc sin x
arc tanh x,arc tanh x
arc tan x,arc tan x
arch,arch
olukata lw’Archimedes,Archimedes spiral
olubangirizi,area
empima y’olubangirizi,area measurement
olubangirizi lwa nsondantuufu,area of a rectangle
olubangirizi lwa nsondassatu,area of a triangle
eminwe gy’olubangirizi,area units
olulyebulo lwa Argand,Argand diagram
empakano,argument
kannambala,arithmetic
olulindi lw’ekinnambala,arithmetical progress
olweyongerero lw’ekinnambala,arithmetic continuum
nnakati w’ekinnambala,arithmetic mean
ekikozi ekinnambala,arithmetic operator
ekyejjululo ekinnambala,arithmetic shift
"entegeko , entegeka",arrangement
olusengeko,array
okukwasa,assign
okunywanyiwaza,associate
nywanyiwazi,associative
emmunyeenyewevu,astroid
kapimammunyeenye,astrometry
nsondassatu ey’ekinnammunyeenye,astronomical triangle
okuvubiikiriza,attenuation
emize,attributes
olunneekuza,automorphism
enkulungo ennyambi,auxiliary circle
nnakkati,average
omweweto nnakkati,average curvature
embiro nnakkati,average speed
enebongero,axes
nnalwetooloolero,axial
ekisabo,axiom
olwebongero,axis
olwebongero oluganzike,"axis , horizontal"
olwebongero lw’obupimaganyi,axis of symmetry
olwebongero olusimbe,axis 
olwebongero olusimbe,vertical
azimuthi,azimuth
ensonda ya azimuthi,azimuth angle
eminzaani,balance
amayinja ga minzaani,balance weights
olugooti,bar
lugooti ekipande,bar chart
lugooti olukusiko,bar code
lugooti olulojjo,bar graph
omusingi,base
ensonda y’omusingi,base angle
olubangirizi lw’omusingi,base area
layini y’omusingi,baseline
omunwe gw’okumusingi,base unit
ekikongozzi ky’okumusingi,base vector
omusingi,basis
okwekebejja ekikuulo,batch processing
akinnaBayes,Bayesian
bel,bel
akasassa k’ekipimansonda,benchmark
enkyenkano kya Bernoulli,Bernoulli’s equation
ennamba za Bernoulli,Bernoulli’s numbers
wabimiimobingi wa Bernoulli,Bernoulli’s polynomials
ebikakase bya Bernoulli,Bernoulli’s theorems
emikolo gya Bessel,Bessel functions
ekyenkano nnamwawulo kya Bessel,Bessel’s differential equation 
omukolo – beta,Beta function
tobekabbirye,Bialternant
ekifuuko nnalayinibbirye,Bilinear transformation
wabbirye,binary
kannambala wabbirye,binary arithmetic
olukusiko wabbirye,binary code
ekinnakkumi ekikusike wabbirye,binary coded decimal (BCD) 
omunwe wabbirye,binary digit
akasassa wabbirye,binary point
olupimiro wabbirye,binary scale
ekikakase kya Binet-Cauchy,Binet-Cauchy theorem
nnabimiimobbirye,binomial
omuwendogano nnabimiimobbirye,binomial coefficient
obutalaavu nnabimiimobbirye,binomial distribution
ekikakase nnabimiimobbirye,binomial theorem
esimbubbirye,binormal
emisassawanyo nnampagibbirye,bipolar coordinates
olusalabbirye,bisector
akaloddo akaminzaaniwaza,bob-weight
B1 AG1 B2 G2 T,BODMAS
akasassa k’okwesera,boiling point
akinnaBoole,Boolean
aljebra w’ekinnaBoolean,Boolean algebra
omukolo omukomere,bounded function
omukunng’aanyo gw’ennamba omukomere,bounded set (of numbers)
omukonng’aanyo gw’obusassa omukomere,bounded set (of points)
ebikomero by’omukolo,bounds of a function
ekikongozzi ekikomere,bound vector
akakomera,bracket
akasassa k’ettabi,branch point
ettabi ly’omukolo,branch of a function
engabiro za Brigg,Brigg’s logarithms
ettabi ly’oluweto,branch of a curve
obugazi,breadth
akasassa k’okukutuka,breakpoint
ekikakase kya Brianchon,Brianchon’s theorem
kalonda w’Olugerero lw’Ekibuliitishi,British Standard Specification =
ebbeeyi egulirwako,buying price
omuguliro,buying rate
obuwanvu bw’omuguwa,cable length
okubala,calculate
kannampiki nnamwawulo,"calculus , differential"
kannampiki nnamugattiriro,"calculus , integral"
omwezi ku kalenda,calendar month
omwaka ku kalenda,calendar year
kkalipa,calipers
kalori,calorie
kapimakalori,calorimetry
okusazaamu,cancellation
omuwaniriro,capacity
ennamba ssenkulu,cardinal number
olutimawivu,cardioid
okutwala,carry
enfowano z’ekinnaCartesius,Cartesian coordinates
ezigiwivu z’ekinnaCartesius,Cartesian ovals
ezigiwivu za Cassini,Cassini’s ovals
omutetenkanyirizo gw’obucwano,catastrophe theory
ekiti,category
ettuluba,category
olunnalujegere,catenary
olujegerewevu,catenoid
ebyenkano bya Cauchy-Riemann,Cauchy – Riemann Equations 
ebigezeso bya Cauchy Eby’okusangagana,Cauchy’s convergence tests
ekisumulozo kya Cauchy Eky’obusaasaano,Cauchy’s dispersion formula 
obutalaavu bwa Cauchy,Cauchy’s distribution
omugoberero gwa Cauchy,Cauchy’s sequence
ekisumuluzo kya Cauchy,Cauchy’s integral formula
ekikakase kya Cauchy,Cauchy’s theorem
oluweto olubambula,caustic curve
akabondo,cell
olupimiro lwa Celsius,Celsius scale
olupimiro lwa Celsius,centigrade scale
ensonda ku ntabiro,central angle
olusawuko olw’ekinnantabiro,central projection
entabiro,centre
entabiro y’obuwete,centre of curvature
entabiro y’omusikirizo,centre of gravity
entabiro y’okugalika,centre of inversion
entabiro y’obupimaganyi,centre of symmetry
olujegere,chain
olukusiko lw’olujegere,chain code
olulobo,chance
oluweto lw’olulango,characteristic curve
ekyenkano ky’olulango eky’endoko,characteristic equation of a matrix
ekyenkano ky’olulango eky’ekyenkano nnamwawulo ekya bulijjo,characteristic equation of an ordinary differential equation 
ekyenkano ekiyambi,auxiliary equation
omukolo gw’olulango ogw’womukunng’aanyo,characteristic function of a set
olulango ow’olugabiro,characteristic of a logarithm
obusassa bw’olulango,characteristic points
nnabimiimobingi ey’olulango,characteristic polynomial
obwomukono,chirality
obubonero bwa Christoffel,Christoffel symbols
enkulungo,circle
enkulungo y’obweyunizi,circle of convergence
enkulungo y’obweweto,circle of curvature
enkulungo y’obwegalisi,circle of inversion
olulojjo lw’enkulungo,circle graph
enneekulunzi,circulant
enkuyo nnankulungo,circular cone
omugala nnankulungo,circular frame
emikolo nnankulungo,circular functions
ekipimo nnankulungo,circular measure
olutegeko nnankulungo,circular permutation
akasassa nnankulungo ku lunnakungulu,circular point on a surface
okwekulunga,circulation
omulambirizo nnankulungulo,circulatory integral
entabirobbuga eya nsondassatu,circumcentre of a triangle
enkulungobbuga,circumcircle
oluzingo,circumference
enkulungobbuga,circumscribed circle
olulemuwuvu,cissoid
cis x,cis x
essaawa,clock
kannambala w’essaawa,clock arithmetic
omukyuko nnassaawa,clock rate
olwenyi nnassaawa,clock face
ssaawaggoberera,clockwise
enkyenkanowofu ekiggale,closed inequality
omukunng’aanyo omuggale,closed set
akabagulizo,clue
ekirimba,cluster
obuyunguluzi bw’ebirimba,cluster analysis
enkulungo nnalwebongerowanwa,coaxial circles
omuwendowano,coefficient
omuwendowano gw’enkyuka,coefficient of variation
omubazewano,cofactor
emimwe egikwatagana,coherent units
ensonda z’omundawano,co-interior angles
okufuula nnalayini kw’endoko,collinear transformation of a matrix
ebikongozzi nnalayini,collinear vectors
okunnnalayiniwaza,collineation
omuko,column
olulojjo lw’omuko,column graph
engatto,combinations
ekikolwa ekigatte,combined operation
obungi obupimaganika,commensurable quantities
omungiwaze gwa lukale,common multiple
ennamba ya lukale,common number
waanyisaganyi,commutative
ekiwaanyisaganyi,commutator
ebbanga erigumivu,compact space
ekipimabwolekero,compass
ebyenkano ebigendana/ebibakana,compatible equations
ensonda ezimalayo,complementary angles
omukolo ogumalayo,complementary function
okumalayo,complementation
ekimalayo ky’omukunng’aanyo,complement of a set
omwawulo omujjuvu,complete differential
omulambiriro omujjuvu,complete integral/primitive
ebbanga nnametro erijjuvu,complete metric space
ennamba enzigumivu,complex number
ekitundu ky’ekikongozzi,component of a vector
ennamba engattirire,composite number
okubalika,computability
okubala,compute
kompyuta,computer
kannakompyuta,computer science
olukovuwivu,conchoid
olulindi olweyunizi nnakakwakulizo,conditional convergent series 
obwandiba nnakakwakulizo,conditional probability
enkuyo,cone
ebinnankuyo ebikyotowanyi,confocal conics
ebinnakabirye ebikyotowanyi,confocal quadrics
okufuula nnakikulawano nnabuko,conformal-conjugate transformation
okufuula nnakikulawano,conformal transformation
okukkiriziganya,congruence
okukkiriziganya,congruency
kiriziganyi,congruent
okufuula okukiriziganyi,congruent transformation
ekinnankuyo,conic
nnankuyo,conic
olunnakungulu nnankuyo,conical surface
ennamba ez’ekyaljebra,conjugate algebraic numbers 
ensonda nnabuko,conjugate angles
entego nnabuko,conjugate arcs
olwebongero nnabuko olw’olukasukojja,conjugate axis of hyperbola
empeto za Bertrand nnabuko,conjugate Bertrand curves
ennamba nnabuzibu nnabuko,conjugate complex number
ensalannakkati nnabuko,conjugate diameters
obwolekere nnabuko,conjugate directions
ziwabbiri nnabuko,conjugate dyadics
elementi nnabuko ez’ekibinja,conjugate elements of group
emikolo nnabuko,conjugate functions
emikolo emitabaganyi nnabuko,conjugate harmonic functions 
endoko nnabuko,conjugate matrix
obusassa nnabuko,conjugate points
ekibinjakka nnabuko,conjugate subgroup
omuyungo nnabuko ogw’empeto,conjugate system of curves
nsondassatu nnabuko,conjugate triangle
omuka omugatte,connected domain
ennamba empondezi,consecutive number
ekiwondezi,consequent
ebyenkano ebikwatagana,consistent equations
ekitakyuka,constant
ekitakyuka ky’okulambiriza,constant of integration
ekitakyuka ky’okugalika,constant of inversion
ekizimba,constituent
okuzimba,construct
emmenyefu y’olutata,continued fraction
alutata,continuous
olutata,continuum
okukyusa,convert
okukyusa,conversion
ennambiriro y’okukulungulu,convolution integral
enebongero ensassawanye,coordinate axes
ensassawanyo,coordinates
olulata lwa Cornu,Cornu’s spiral
olugandawano,correlation
ensonda ezikiriziganya,corresponding angles
kosini,cosine
kosekati,cosecant
omukunng’aanyowano,coset
cosh,cosh
coth,coth
omukunng’aanyo ogubalika,countable set
ennamba ebala,counting number
olumagga olubala,counting interval
ekisobezi ky’ennambannali,cross-number puzzle
omubazonnali ogw’ekikongozzi,cross-product of a vector
omugabironnali,cross-ratio
ekisalonnali,cross-section
nnakisalonnali,cross-sectional
wabusassabubiri,crunode
ssemulabba,cube
ekyenkano nnassemulabba,cubic equation
ssemulabbawivu,cuboid
omusadde,curl
wansimbi,currency
enkulungowevu ennyimpaye,curtate cycloid
nnamuzigawivu ennyimpaye,curtate trochoid
obuweto,curvature
oluweto,curve
oluluubiriro nnalayinimpete,curvilinear asymptote
ensassawanyo nnalayinimpete,curvilinear coordinates
akafumisi,cusp
enkulungo,cycle
ekibinja nnankulungo,cyclic group
nsondassatu nnankulungo,cyclic quadrilateral
enkulungowevu,cycloid
silinda,cylinder
ensassawanyo nnasilinda,cylindrical coordinates
ekigezeso nnamugabiro ekya d’Alembert,d’Alembert’s ratio test
ebiwe,data
bbanka y’ebiwe,data bank
omusingi gw’ebiwe,data base
okukunng’aanya kw’ebiwe,data collection
omugeegeeenyo gw’ebiwe,data model
okuteekateeka kw’ebiwe,data preparation
okwekebejja kw’ebiwe,data processing
okukuuma kw’ebiwe,data protection
okusimbawo kw’ebiwe,data representation
okukomyawo kw’ebiwe,data retrieval
okutereka kw’ebiwe,data storage
ekinnakkumi,decimal
emmemyefu y’ekinnakkumi,decimal fraction
ekifo ekinnakkumi,decimal place
omuyungo gw’ekinnakkumi,decimal system
ekisalo kya Dedekind,Dedekind act
ekyenkano ekiyabayaba,defective equation
obuyabayaba,deficiency
omugattiriro omusonjofu,definite integral
okulemala,deformation
omulemalo,deformation ratio
digri,degree
omuliraano omusangule,deleted neighbourhood
omuyungo gw’ennamba nnamugabizi,denominational number system 
omugabizi,denominator
omukunng’aanyo omukwafu,dense set
omunkunng’aanyo ogubalika,denumerable set
emikolo emyesigami,dependent functions
ekikyuka ekyesigami,dependent variable
ekiviiseemu,derivative
omukolo omuviise,derived function
ebifugabubonero ebya Descartes,Descartes’ rules of signs
okubaga,design
emmiimuula,determinant
olunnakungulu olutandululika,developable surface
"okuwaba, obuwabi",deviation
olugattansonda,diagonal
endoko y’olugattansonda,diagonal matrix
olulyebulo,diagram
olusalannakkati,diameter
enjawulo,difference
ebikozi nnanjawulo,difference operator
enjawulo z’emikunng’aanyo,difference of sets
omukolo gw’ekikyuka ekiggumivu ogwawulikika,differentiable function of a complex variable
nnamwawulo,differential
kannampiki nnamwawulo,differential calculus
omuwendowano nnamwawulo,differential coefficient
ekyenkano nnamwawulo,differential equation
okwawula,differentiation
omunwe,digit
nnaminwe,digital
kompyuta nnaminwe,digital computer
nnannyenyibbirye,dihedral
ebyenkano ebinnaDiophantos,diophantine equations
obwolekero,direction
ensonda z’obwolekero,direction angles
ebitundu by’obwolekero,direction components
kosini z’obwolekero,direction cosines
ennamba z’obwolekero,direction numbers
obwolekero bw’oluweto,direction of a curve
emigabiro gy’obwolekero,direction ratios
enkulungo y’ekyolekeza,director circle
omukunng’aanyo omukutulekutule,disconnected set
obukutulekutule,discontinuity
ekisosola,discriminant
emikunng’aanyo emigattulule,disjoint sets
obwesuulo,distance
obutalaavu,distribution
talaazi,distributive
obwakanyi bw’ekikongozzi,divergence of a vector
okugabirika,divisibility
okugabira,division
empeta y’okugabira,division ring
egabira,divisor
oluwenda-D,D method 
nsondakkuminabbiri,dodecagon
nnyenyikkuminabbiri,dodecahedron
omuka,domain
ekiyeeyo ky’obutonnyeze,dot pattern
omulambiriro wabbirye,double integral
akasassa wabbirye,double point
olulindi wabbirye,double series
kannabwejjuluzi,dynamics
ensonda nnakkatiwufu,eccentric angle
obunnakkatiwufu,eccentricity
elementi,elements
akasassa nnannyongo ku lunnakungulu,elliptical point on a surface
emikolo nnannyongo,elliptic functions
kannabbanga nnannyongo,elliptic geometry
omulambirizo nnannyongo,elliptic integral
omukunng’aanyo omwereere,empty set
ebbasa,envelop
olumagga olwenkana,equal interval
omukunng’aanyo ogwenkana,equal set
ekyenkano,equation
olukata olusondankanyi,equiangular spiral
nsondassatu engulunkanyi,equilateral triangle
oluganda oluwendonkanyi,equivalence relation
emmenyefu empendonkanyi,equivalent fraction
enkulungo empandukule eya nsondassatu,escribed circle of a triangle
okuteebereza,estimate
kannabbanga w’ekinnaEuclid,Euclidean geometry
ensonda z’ekinnaEuler,Eulerian angles
ekikakase kya Euler,Euler’s theorem
okuwendowola,evaluate
ennamba entereevu,even number
olususumbule,evolute
obwesusumbuzi,evolution
ekyenkano ekituukirizi,exact equation
ekikula ekigaziye,expanded form
nnabuyinza,exponent
omukolo nnabuyinza,exponential function
ensonda nnabweru eya nsondassatu,exterior angle of a triangle
ekyenyi,face
olwenyi ,face
ennyenyi,faces
omubaze ; fakta,factor
kinnafakta,factorial
okufaktawaza,factorisation
omuti gw’omubaza,factor tree
ekikakasa kya Fermat ekisembayo,Fermat’s last theorem
ekisawe,field
omukyukiro,flux
akooto,focus
olupimiro oluwumbe,folded scale
olulagala lwa Descartes,folium of Descartes
ekisumuluzo,formula
obuyunguluzi bwa Fourier,Fourier analysis
"olulindi nnamutwalennusu, lwa Fourier",Fourier half-range series
olulindi lwa Fourier,Fourier series
ekifuulo kya Fourier,Fourier transformation
omunnanfuusi,fractal
emmenyefu,fraction
ekisumuluzo kya Frenet,Frenet’s formula
omweso gw’omuddirinng’ano,frequency table
obutalavu bw’omuddirinng’ano,frequency distribution
akasassa k’okukwata,freezing point
ennamba nnamukwano,friendly numbers
omukolo,function
funkta,functor
tensa nnametro nnamusingi,fundamental metric tensor
ekikakase nnamusingi eky’aljebra,fundamental theorem of algebra
ekikakase nnamusingi eky’aljebra,fundamental theorem of arithmetic
omukolo gamma,gamma function
omuwaatwa,gap
ekigezeso kya Gauss nnabusangaganyi,Gauss’ convergence test
obuweto bw’ekinnaGauss,Gaussian curvature
ekikakase kya Gauss,Gauss’ theorem
omulambiriro ttwalirawamu,general integral
ekimerengulo ttwalirawamu,general solution
omukolo oguzaala,generating function
ekizaazi,generator
ssemitego,geodesic
mailo ey’ekirojjansi,geographical mile
kannabbanga,geometry
nnakkati w’ekinnabbanga,geometric mean
akayiringito,glissette
olulazi,gnomon
nnakitiiriitu kkumi,googol
omwesuliko,gradient
ekipimamwesuliko,gradiometer
enkulungo engereke,graduated circle
olulojjo,graph
ebinnakirojjo,graphics
enkulungo ennene,great circle
ekikakase kya Green,Green’s theorem
ekisumuluzo kya Gregory,Gregory formula
ekibinja,group
omunnaGudderman,Guddermamian gyration
etabaganya nnabuko,harmonic conjugate
omukolo ogutabaganya,harmonic function
zinnakkati ezitabaganya,harmonic means
olulindi olutabaganya,harmonic progress
omugabiro ogutabaganya,harmonic ratio
ebbanga lya Hausdorff,Hausdorff space
ekyokubiri kya sin ensagaasaganye,haversine
olusonsowevu,helicoid
olusonko,helix
ssenkulungonnusu,hemisphere
ekinnaHesse,hessian
nsondamukaaga,hexagon
olulojjolugooti oluggumivu,histogram
ekyenkanowofu kya Holder,Holder’s inequality
omukolo nnalamba,holomorphic function
nnakikulawivu,homeomorphic
ensasassawanye nnakikulawivu,homogeneous co-ordinates
omukolo nnakikalawivu,homogeneous function
okumaapuwaza nnakifowovu,homology group
okumaapuwaza nnakifowovu,homotopic mapping
omukol nnalisawukajja,hyperbolic function
kannabbunga nnalisawukajja,hyperbolic geometry
olusawukossegerawivu nnalusawukojja,hyperbolic paraboloid
akasassa nnalusawukojja ku lunnakungulu,hyperbolic point on a surface 
olusawukojjawivu,hyperboloid
enkulungowevukka,hypocycloid
enkulungowevukkako,hypocycloid
omuwakano,argument
ekitwale,assumption
ekisabo,postulate
ekisabo,axiom
ssetteebelezo,conjecture
yeeyikkonta,contrapositive
enkakase ffuulannenge,converse
enkakasegonga,corollary
ekikontano,counter-example
enkakasa nnateleela,direct proof
ekiguumaazo,fallacy
ekiteeko,thesis 
wapiteeko ,hypothesis
enkakasa nnakkoolooba,indirect proof
enkakasewansa,lemma
kannansonga,logic
embeela eyeetaagisa,necessary condition
ekikkilizolaana,paradox
ekitume,premise
ekikakaso,proof
enkakasa,proof
okukakasa,proof
enkakasa nnakkoolooba,proof by contradiction
enkakasa nnaggweelela,proof by exhaustion
enkakasa nnassendassenda,proof by induction
enkakasa nnakkoolooba,reductio ad absurdum
ekyokukakasibwa,statement
ekitegeezo,proposition 
 amakomagano,bounds
 okukyusa omulamwa,changing the subject
 ettwalagane,codomain
 ekituukilizagano,coefficient
 ekyenkano kinnambeela,conditional equation
 ekitakyuka,constant
 ekimiimo ekitakyuka,constant term
 enneekobaana ku nnukuta,convention for letters
 digri y’ekimiimo,degree of a term
 digri y’ekinyigabwalo,degree of an expression
 ekikyuka ekitetengeledde,dependent variable
 ebyenkano ebinnaDiofantus,Diophantine equations
 ettwale,domain
 okweggyako,elimination
 ekyenkano,equation
 okuwanvuya,expansion
 omukolo omuteleevu,explicit function
 ekinyigabwalo,expression
 emibazisaganyo,factors
 ekilyebulo kkulukusa,flow diagram
 enkukulilo,formula
 omukolo,function
 ekilyebulo kkulukusa,flow diagram
 ekilyebulo kkulukusa,function machine 
 ekyenkanokano,identity
 omukolo omulandazzi,implicit function
 ebyenkano ebyetengeledde,independent equations
 ekikyuka ekyetengeledde,independent variable
 ebyenkano ebitakomelezekeka,indeterminate equations
 omukolo omugalike,inverse function
 ebimiimo ebyenkanankana,like terms
 ekyenkano ekinnalaini,linear equation
 ekinyigabwalo kinnanukuta,literal expression
" okuteeba, enteeba",mapping
 ekilyebulo ky’ebiteebo,mapping diagram
 embaza ensuye,nested multiplication
 ekinyigabwalo ekinnabitundubingye,polynomial expression
 ekyenkano ekibiliguze,quadratic equation
 olutuukilo,range
 ekikyuka ekyaddala,real variable
zzika ku,reducible
 omulandila,root
 okumatiza,satisfy
 okugonza,simplify
 ebyenkano ebiseelankanyi,simultaneous equations
 ekimelengulo,solution
 okusikiza,substitution
 ekimiimo,term
 okuseetula,transpose
 emmelengula eteebeleza,trial and error
 emmelengula eteebeleza,trial and improvement
nnabitundubisatwe,trinomial
 ekimelengulo eky’okubalaata,trivial solution
embeela emmala,sufficient condition
akabonelo akeelondele,symbol
enkakase,theorem
enkakasa nnaddyebula,visual proof
enkakasa nnaddyebula,‶look - see″ proof
P kizingwa Q,P → Q
"singa P, olwo Q","if P, then Q"
P mbeela emmala okuba kwa Q,P is a sufficient condition for Q
Q kizinga P,P ← Q
P kizingwa Q,P ← Q
P mbeela eyeetaagisa okuba kwa Q,P is necessary condition for Q
"singa Q, olwo P","if Q, then P"
P singa ela kyokka singa Q,P ↔ Q
P singa ela kyokka singa Q,P if and only if Q
P ses Q,P iff Q
okunambabwala,to enumerate a set
ekibinja,to enumerate a set
ekibinjamala,complement of a set
ekinambabwalika,denumerable set
ekibinja,denumerable set
ebibinjawakuta,disjoint sets
ekinnakibinja,element
mmemba,member
ekibinja ekyeleele,empty set
ebibinja ebiwendonkanyi,equivalent sets
ekibinja ekibalika,finite set
ekibinja ekitabalika,infinite set
ekibinjawakata,intersection of two or more sets
ekinnakibinja,member of a set
ekibinja ekyeleele,null set
ekibinja ekyeleele,empty set
mmemba,member of a set
ekibinjawansayina,proper subset
kannabibinja,set theory
omuteebelezo gw’ebibinja,set theory
ekibinja,set
ekibinjawansa,subset
ekibinjawagwa,superset
enjawulo empimaganyi,symmetric difference of two sets
ekimuyo,union of two or more sets
ekibinjayanna,universe
ekibinjayanna,universal set
ebikobwayima ebinnaVenni,Venn diagrams
gatta,add
toolako,minus
toolako,subtract
zuula enjawulo ya ggeleggele,find the absolute difference o
emilundi,times
yingiyisisa ne,multiplied by
gabiddwamu,divided by
gatta oba toolako,add or subtract
enkana,equals
enkana,is equal to
kumpi enkana,is approximately equal to
wendonkana,is equivalent to
wendonkana,has the same value as
tono okusinga,is less than
tono okusinga oba enkana,is less than or equal to
nene okusinga,is greater than
kyuka nga,varies as
gendana ne,is proportional to
pointi,point
pointi,decimal point
komma,comma
nnakikumi,per cent
nnakikumi,out of a hundred
nnalukumi,per mil
nnalukumi,out of a thousand
ennambilila ennenejja etasinga,the largest whole number which is not greater than
ennambilila ennenejja etasinga x,the largest whole number which is not greater than x
omuwendo gwa x ggeleggele,absolute value of x
x eksabiliguze,x squared
x eksabiliguze,x multiplied by itself
x eksasatuguze,x cubed
embiligaze ya x,the square root of x
ensatugaze ya x,the cube root of x
ensonda,angle
lalalaana,is parallel to
simbe ku,is perpendicular to
digri,degree
eddakiika,minute
akatikitiki,second
x nnankozi,factorial x
x eksa nnankozi,factorial x
kibinjawansa kya,is a subset of
zingilamu,includes
kibinjawagwa kya,is a super-set of
ekimuyo kya,union of
ekibinjawakata kya,intersection of
ekibinja ekyeleele,null 
obukubokwafu nnalugelelo,standard deviation
zingwa,implies
zinga,is implied by
zingwa ela zinga,implies and is implied by
noolwekyo,therefore
entakoma,infinity
omukolo gwa,a function of
ennamba enkumikaaga egobelela,hexadecimal number follows
obukomela obukulungilivu,round brackets
obukomela nnamraba,square brackets
obukomela nnamasadde,curly brackets
obukomela nnansonda,angle brackets
Ennamba enkaali,Complex Numbers
Ennamba ezaddala,Real Numbers
Ennamba ensongana,Rational Numbers
Ennamba ensonganuna,Irrational Numbers
Ennamba ennambilila,Integers
Ennamba enneddayi,Negative numbers
Zeelo,Zero
Ennamba zinnabutonde,Natural Numbers
Ennamba zissenkulu,Prime numbers
Ekifundiwazo,acronym
ekigambo ekyatulwa mu bufunze bw’ensirifu,initialized word spoken out as a full word
Okufundiwaza,acronymizing
Ekyongezamasoboza ga Kitangaala,Light Amplification by Stimulated Emission of Radiation
EKYOKI,LASER
bbomu egoberera amasoboza g’ekitangaala,Laser-guided bomb
Bbomu y’ekyoki,Laser-guided bomb
Amasoboza,energy
Ekyongezamasoboza,amplification
ekitangaala,light 
okwongeza enfulumya y’emigendo gy’olubugumu,stimulated emission of radiation
Ekiketto eky’Amayengo ga Leediyo,Radio Detection and Ranging
EKIKENGO,RADAR
amayengo ga lediyo,radio waves
amaddannyuma,reflected echoes
Nambuluzo Eyawamu Esingayo,Greatest Common Factor
Enkubise Eyawamu Esembayo,Lowest Common Multiple
Empalirizo,Force
Okuva,Motion
empalirizo z’obutonde,forces of nature
okuva mu kifo,to move from one position
okuva mu kifo,to move from one place 
Amateeka ga Newton ag’Okuva,Newton’s Laws of Motion
Akaziba,Atom
Obuziba,Atoms
atomu,Atom
Obuziizi,nucleus
nnyukiriyaasi,nucleus
Obutonniinya,subatomic particles
nampa,neutron
obukonta,protons
Obutinniinya,elementary particles
obusannyalazo,electrons
obukwaaki,quarks
obutaffaali,cells
Obusannyalazo,Electrons
amasannyalaze,electricity
Obusannyalazo,electrons
omugendo gw’obusannyalazo,the flow of electrons
Ekisannyalazo,electrical charge
kyaagi,a charge
Obusirikitu,all microscopic particles
Obusirikitu,microscopic organisms
Essomabibuuka,Aeronautics
Essomabuzaale,Genetics
Essomansi,Geography
Esomanjazi,Geology
Essomabutonde,Science of Nature
Essomabutonde,Physics
Essomabuzimbe,Chemistry
Essomabiramu,Biology
Essomabutonzi,Divinity
Essomabinyunyunsi,Parasitology
Essomaddagala,Medicine
Essomabuyambi,Nursing
Essomabiwuka ebireetendwadde,Entomology
Essomampimo,the study of dimensions
Essomampimo,Geometry
Essomankula,Geometry
Essomankula,the study of mathematical shapes
Essomampuyisatu,Trigonometry
Esomanjazi,Geology
Essomabutonde,Science of Nature
Essomabuzimbe,Physics
Ebyobuziba,Science of atomic structure
Ebyobuziba,Chemistry
Essomabuziba,Chemistry
Essomabuziba,Science of atomic structure
Essomampuyisatu,Trigonometry
Essomabiramu,Biology
Essomabutonzi,Divinity
Essomabinyunyunsi,Parasitology
Essomaddagala,Medicine
Essomabuyambi,Nursing
Essomabikuyege,Acarology
Essomalubugumu,Actinibilology
Essomakitangamiko,Actinology
Essomabupempewo,Aerobiology
Essomannampewo,Aerology
Essomabulimiro,Agrology
Essomattakalikuza,Agrobiology
Essomansibukoyandwadde,Aetiology
Essomamiddo,Agrostology
Essamaliga,Algology
Ekifukuuko,allergy
Essomakifuukuuko,Allergologi
Essomakisajjalaato,Andrology
Essomakisiriso,Anesthesiology
Essomansolomuntu,Anthropology
Essomanjuki,Apiology
Essomanabbubi,Arachnology
Essomabedda,Archaeology
Essomansonamuntu,Archaeozoology
Essomankusa,Areology
Essomansibukobira,Astrobiology
Essomabyazibyasenge,Astrogeology
Essomalira,Audiology
Essomabusango,Autecology
Essomo lya bbakitiiriya,the study of bacteria
Essobbakitiriya,Bacteriology
Essomabuwangaaliro bwa biramu,Bioecology
Essomabulamu,Biology
Essomabiramu,Biology
Essomabuzimbe,Physics
Essomabutonde,Physics
Essomabuziba/Ebyobuziba,Chemistry
Essomabyankatika,Bromatology
Essomabutima,Cardiology
Essomabutaffaali,Cariology
Essomabiseera,Climatology
Essomabudde,Meteolology
Essomabisonko,Conchology
Essomalufumpewo,Coniology
Essomabuwanga,Craniology
Essomamisango,Criminology
Essomatempuwa,Cryology
Essomambwa,Cynology
Essomabutaffaali,Cytology
Essomabuziffaali,Cytomorphology
Essomandwali,Cytopathology
Essomyamiti,Dendrochronology
Essomatti,Dendrology
Essomansu,Dermatology
Essomaliga,Desmology
Essomabiswera,Dipterology
Essomabiramazzi,Ecohydrology
Essomabusannyalavu,Electrophysiology
Essomakiwakufu,Embryology
Essomabikemuluzi,Endocrinology
Essomenzayimu,Enzymology
Essomansibikondwa,Epidemiology
Esomabyana,Fetology
Essomakapa,Felinology
Essomabyazira,Exogeology
Essomabyengula,Exobiology
Essomabwansolo,Ethology
Essomanswa,Formicology
Essomabyabbuto,Gastrology
Essomabuyinja,Gemology
Essomamyakagyansi,Geochronology
Essomamagombegansi,Geology
Essomankulazanzi,Geomorphology
Essomabukadde,Gerontology
Essomagazira,Glaciology
Essomabujjanjabikazi,Gynecology
Essomamusaayi,Hematology
Essomanjuba,Heliology
Essomabikankanyanjuba,Helioseismology
Essomalunyunyunsi,Helminthology
Essomakibumba,Hepatology
Essomakijjanjabisabimera,Herbology
Essomalubbira,Herpetology
Essomabiku,Heteroptology
Essomandogoyi,Hippology
Essomabinnwa,Histology
Essomandwaddezabinwa,Histopathology
Essomamazzimumagombe,Hydrogeology
Essomamazzi,Hydrology
Essomabuufubwadda,Ichnology
Essomabyennyanja,Ichthyology
Essomakikirwanyisandwadde,Immunology
Essomakitambuzatuntu,Kinesiology
Essomaluyengo,Kymatology
Essomabiwojjolo,Lepidopterology
Essomazzimalungi,Limnology
Essomanjazi,Lithology
Essomabisanjabavu,Lymphology
"Essomaluyonsa,",Mammalogy
Essomabudde,Meteorology
Esssomangeri,Methodology
Essomabipimo,Metrology
Essomampimo,geometry
Essomabusirikitu,Microbiology
Essomankwataganyabusirikitu,Micrology
Essomaminero,Mineralogy
Essomabufungi,Mycology
Essomamifumbi,Myology
Essomabikuyege,Myrmecology
Essomannyanguyirizi za molekyo,Nanotechnology
Essomabikuubagano,Nanotribology
Essomamabujjenyi,Neonatology
Essomabire,Nephology
Essomansiggo,Nephrology
Essomabusimu,Neurology
Essomabirwadde bya busimu,Neuropathology
Essomabikolebwabusimu,Neurophysiology
Essomamitenderagyandwadde,Nosology
Essomagayany,Oceanology
Essomabinnyo,Odontology
Essomakookolo,Oncology
Essomamagi,Oology
Essomamaaso,Ophthalmology
Essomabinyonyi,Ornithology
Essomansozi,Orology
"Essomabiyanzi,",Orthopterology
Essomamagumba,Osteology
Essomamatumiro,Otolaryngology
Essomamatu,Otology
Essomamatunnyiro,Otorhinolaryngology
Essomabyeddennyo,Paleoanthropology
Essomabulamubwaddannyo,Paleobiology
Essomabeerazeddeeenyo,Paleoclimatology
Essomabisigaliramunbyazi,Paleoecology
Essomabisigalirebyeddennyo,Paleontology
Essomabumereddennyo,Paleophytology
Essomabisorebyeddennyo,Paleozoology
Essomabinyunyunynsi,Parasitology
Essomandwadde,Pathology
essomabulamu,biology
Essomabiramu,biology
Essomabuziba,chemistry
Essomabuzimbe,physics
Essomabutonde,physics
Ekinonoozo,engineering
Omunonooza,engineer
Ennyanguyirizi,Machine
Ekyanguyirizi,machine
Essomabiragala,Pharmacology
Essoamkalondaw’ebiramu ow’ekiseera,Phenology
Essomamaloboozi,Phonology
Essomabitundubya biramu,Physiology
Essomabimera,Phytology
Essomabimera,batony
Essomabisolo,zoology
Essomabirwadde bya bimera,Phytopathology
Essomabusangiro bwa bimera,Phytosociology
Essomankulunjuba,Planetology)
Essomankatoni,Planktology
Essomabibala,Pomology
Essomaddozi,Posology
Essomakifulumyakazambi,Primatology
Essomabamuntunsolo,Primatology
Ekikulukusakazambi,Sewage
Essomakikulukusakazambi,The study of Sewage
Essomabirowoozo,Psychology
Essomambeera ya birowoozo,Psychobiology
Essomandwadde za bwaongo,Psychopathology
Essomaddagalalyandwaddezabwongo,Psychopharmacology
Essomandwadde za mawuggwe n’okussa ,Pulmonology
Essomamigendogyakitangaala,Radiology
Ssekaloopera,reflex
Essomasekaloopera,Reflexology
Essomakkulukuta,Rheology
Essomanyindo,Rhinology
Essomabitendero,Sedimentology
Essomamusisiwazansi,Seismology
Essomamwezi,Selenology
Ekizaalibwo,Sex
Essomakizaalibwo,Sexology
Essomandya,Sitiology
Essomantabaganyi,Sociology
Essomabisonjozo bya muntu,Somatology
Essomatulo,Somnology
Essomakyekebejjampuku,Speleology
Essomabubonero bwa ndwadde,Symptomatically
Essomakitondekabikole,Technology
Essomakwoki,Thermology
Essomakizaalisa,Tocology
Essomabukwataganu,Topology
Essomabutwa,Toxicology
Essomabiwundu,Traumatology
Essomakikuubareza,Tribology
Essomasitukamunviiri,Trichology
Essomansengeka,Typology
Essomabigemiso,Vaccinology
Essomavayiraasi,Virology
Okupuluka,to errupt
Essomabipuluko,vulcanology
Essomabipuluko,Volcanology
Essomabulamubugwira,Xenobiology
Essomabiti,Xylology
Essomabisigalira bya bisolo,Zooarchaeology
Essomabisolo,Zoology
Essomabirwadde bya nsolo,Zoopathology
Essomabirowoozo bya bisolo,Zoopsychology
Essomakitamuuluzo,Zymology
Okugatta ebigambo,Compounding words
endagabwolekero,compass
endagabwolekero,compass rose
endaga,that which shows
Endagakifo,GPS
Endagakifo,Geographic Positioning System
Bbomu y’obuziba,atomic bomb
Bbomu y'Obuziizi,nuclear bomb
ekiyumba ekigerere,greenhouse
okulambulula ennamba,to factor a number
okulambulula ebirowoozo,deductive reasoning
okulambulula ebirowoozo,thinking
okulambika ebiriwoozo,inductive reasoning
ennamba enambulukufu,composite number
okugendaggana,parallelism
Ekitontome ky'Amasoboza,The Poem on Energy
"Ekitontome kya ""Empalirizo"" ekisooka","the first poem on ""the Forces"""
Ekitontome ky'Empalirizo eky'Okubiri,the second poem on the Forces
Ekitontome ky’ Okuva,The Poem of Motion
Ekitontome ku Nabuzimbe,Ekitontome ku Nabuzimbe
Ekitontome ky’Amazzi,the poem on water
Ekitontome ku Empalirizo z’Obutonde,the Poem on the Forces of nature
Ekitontome ku Mpiyinnyingi,the Poem on Polygons
Ekitontome ku Mpuyinnya,the Poem on Quadrilaterals
Ekitontome ky’Enjuba,The Poem of the Sun
Ebitontome by’Ekibalangulo,the Poems of mathematics
 Ekitangaala,Light
Obutunniinya bw’ekitangaala,Particles of light
Obupaketi bw’ekitangaala,Packets of light
Obutonniinya oba obutoffaali bw'atomu,Subatomic particles
Obutonniinya oba obutoffaali bw'akaziba,Subatomic particles
Obutinniinya,The building blocks of the atom
byebulungulo by’omugendo gw'amasanyalaze ne Magineeti,Electromagnetic fields
Ebbugumu,Heat
Olubugumu ly’ebbugumu,Radiation
oluyengo ly’ebbugumu,Radiation
Omugendo gw’ekitangaala,A Ray of light
Kisaaganda ky’obutonniinya,Stream of particles
Obuntu obusirikitu,Microscopic objects
Omugendo gw’amasoboza,Movement of energy
Omugendo gw’amasoboza g’amasanyalaze ne magineeti,electromagnetic energy
Omugendo gwa erakitomagineeti,Electromagnetic radiation
Ejjengo,Wave
Omugendo gw’amasannyalaze,Current
Ejjengo ly’ekitangaala,Light wave
Amayengo,Waves
Obuwanvu bw’ejjengo,Wave length
Buwanvu bw’amayengo,Wave lengths
Enziringana,Frequency
Amayengo agegonyola,Transverse waves
Ekitangaayisa,Transparent object
Ekitangaalijja,Translucent object
Ekitangazziro,Opaque object
Ekitangattisa,Photosynthesis
Endaga ya Kkala z’ekitangaala,Colour spectrum
Eggabo lya Kkala za Musoke ez'emkuba,Rainbow colours
Okwabuluza mu kitangaala,Splitting light
Eggaboly'endaga za kkalaza za musoke ez'enkuba,Rainbow spectrum
Ekigulumiro,Prism
Ekigulumiro eky’ekirawuli,Glass prism
Oluyengo lw’ebbugumu,Radiation
Olubugumu lw’ebbugumu,Radiation
Amayengo g’ekitangaala,Light waves
Omugendo gw'Amayengo ga magineeti ne magineeti,Electromagnetic waves
Obupaketi bw’ekitangaala,Packets of light
Obutoffaali bw’ekitangaala,Particles of light
Omugendo gw’ekitangaala,Ray of light
Emigendo gy’ekitangaala,Rays of light
Obupoto bw’ekitangaala,Photons of light
Obupoto,Photons
ky’ekitangaala,Reflection of light
Ekifaanaganyo,Reflection of light
Ekiwetulo ky’ ekitangaala,Refraction of light
Obutoffaalikazimbakitangaala,The building blocks of light
Nabbilye w’amayengo ne patiki,The wave–particle duality
Ensibuko z’ekitangaala,Sources of light
Nabbugumya,Thermal
Nabbugumya,incandescence
Olubugumu lw’enzitoya enzirugavu ,Black-body radiation
Mayengo aga elakitomagineeti,Electromagnetic waves
Ekitangaala ekirabika,Visible light
Endaga ya elakitomagineeti,Electromagnetic spectrum
Omuyitiro,Medium
Okugujumira,Vibrate
Molekyu,Molecules
Omugendo,A Ray of energy
Balibu z’amasanyalaze eza nabbugumya,ncandenscent light Bulbs
Balibu za nabbugumya,Incandescent bulbs
Kkala eri emabega w’emmyufu,Infrared
Okwengerera,to glow
Ekivakyumu,Vacuum
Ekyangaala,Vacuum
Atomu,Atoms
Obuziba,Atom
Obuziba,Atoms
Emisinde gy’ekitangaala,Speed of Light
Omwaka gw’ekitangaala,Light year
Ensengekera z’entababutonde,ecosystems
nampewo,atmosphere
bannantababutonde,ecologists
Semazzi,waterbodies
Ensengekera z’entababutonde,Ecological systems
Ensengekera z’entababutonde ez’amazzi agattali mannyowavu,Freshwater ecosystems
n’enzizi,inland water ecosystems
Emitendera gy’enteekateeka y’Entababutonde,Levels of ecological organization
Ekyebulungulo ky’Obulamu,Biosphere sphere
Entababiramu,biome
Entababutonde,ecosystem
Entababuvo,community
Entababibinja,population
Ekitonde ekiramu,organism
Ensengekera y’ekitundu ky’ekiramu,organ system
Ekitundu ky’ekitramu,organ
Emiwuula,tissues
Ekikula,Species
Ebyebulungulo by’ebiramu,biospheres
enziring’ana,succession
Entababutonde zegabanyizzaamu entababiramu,biomes
Entuumo y’ebiramu,Biomass
Embeera y’obudde eya leero,Today's weather
Obudde bubeera butya mu biseera b’omwaka,Seasons
Enduli oba enkolo,Stems
Obutaffaali bw’ekimera obukola kino buyitibwa zayireemu,xylem cells
obutaffaali obutambuza emmere ekoleddwa ne buyitibwa polemu,phloem cells
noodi,node
ekiwataanya,internode
egy’omusoggo,tap root system
egy’obuswanso,fibrous roots
ebireetamanyi,carbohydrates
akapakkyo,petiole
ekikoola ekizibuwavu,compound leaf
kyutiko,cuticle
veeni,veins
kerofiiru,chlorophyll
ggulukoosi,glucose
walugi,ovary
siteero,style
entabamagi,ovules
sekimuli,stamens
obuwakisa,pollen
eky’okuwakisa,fertilization
entabamagi,ovules
embuliyo,embryo
Ebinnyonyozo,properties
ebisonjozo,characteristics
Lenkoloboze za kapendinkyula meka?,How many perpendicular lines?
Enkoloboze ezigendagana meka?,How many parallel lines?
Embalama,edges
Obufumito,Obufumito
Empimo,dimensions
enkula,shapes
Nkalubo,solid
kibangirizo,space
obufumito,vertex
enkaavule,curved
Olubalama,edge
Layini ezigendagana,Parallel lines
okugendana,being proportional to
nekulungirivu,circular
Ekyenkanyampuyi,symmetry
layini za kyenkanyampuyi,lines of symmetry
Ekinnyonnyozo ekyeyogerako,reflexive Property
Ekinnyonnyozo ekya kyenkanyampuyi ,Symmetric Property
Ekinnyonnyzo ekinaawuza,Transitive Property
Ekinnyonnyozo eky’okugatta eky’omwenkano,Addition Property of Equality
Omugendo,Continuous motion
Eng’enda,Velocity
Okutebentesa,accelerate
okutebenta,accelerate
Okutolontoka,increase momentum
Ekikolwa n’okuva mu mbeera,Action and reaction
kubwatuka kunene,big bang
semufu,supernova
Nabire,nebular
kyetoloozo,spinning
Okwesikira munda,contraction
kiddannyuma wa kalimi ka saawa,counter clockwise
kisiisi,axis
kitendero,plane
Sayansi ow’Ebyamalimiro,Agriculture Science
agirisayansi ,Agronomy
essomabuzaale,genetics
essomansi,geography
buwangaaliro,environment
okwonoona obuwangaaliro,environmental degradation
enkyusakyusa y'ebirime,crop rotation
Bannabyamailiro,Agronomists
enkyusabuziba,substance
enkyusabuziba,chemical
ebipooli,compounds
ebitondekewo,artificial
kalannami,contour ploughing
ebisigo,capital
ebintu ebikulu mu nsobozeso y’entondeka y’ebikole,factors of production
ebika by’ebirime,crop varieties
okuziyizaamu ekikuluggusa ttaka,soil erosion
nnyiriri ng’obusaamu,inter-cropping
okusimba ng’ogattika,mixed cropping
obubisi mu ttaka,soil moisture
Okweyambisa tekinologiya eyeyambisibwa oluvannyuma lw’okukubngula,post harvest technologies
Sayansi w’ebyamalimiro,Agronomy
Enkyusaganya y’ebirime,Crop rotation
Enfukirira y’ebirime n’enkulukusa y’amazzi,Irrigation and drainage
Enzaalisa y’ ebimera,Plant breeding
Endabika y’ebimera,Plant physiology
Okwawula mu ttaka ebika eby’enjawulo,Soil classification
Obujimu bw’ettaka,Soil fertility
Engeri ey’okukugiramu omuddo,Weed control
Ebiwuka,Insects
Enkugira y’ebiwuka ebireeta obulwadde,Pest control
ntabaganya,society
entabaganyo ez’enjawulo,different communities
emyezi,moons
ebikometo,comets
kibunoomu,comets
ensikirizo eyewaggula ku makkati ,centrifugal force
enkulungo z’enjuba,the sun’s planets
obukulungo,planetoids
kitendero kimu,same plane
amakkati g’enjuba,sun equator
Ensengekera z’Ebisinde,galaxy systems
Ebisinde,Galaxes
Ekisinde ekitangalijjo,Milky Way 
enjuba oba emunyeenye,suns or stars
Ensengekera y’enjuba Muwanga,Our Solar System
bibulungulo by’obutonde,natural satellites
Enjuba Muwanga,sun’s gravitational field
kyebulungulo ky’ensikirizo yayo,its gravitational field
kitondekamazzi,hydrogen
keliyumu,helium
wamonia,Ammonia
metani,methane
ensikirizo,gravity
enkulungo eza nakalanga,dwarf planets
Enkulungo ya Kiwanuka,Mercury
Enkulungo ya Ddungu,Venus
Enkulungo ya Musoke,Mars
Enkulungo ya Kisule,Saturn
omubundu,gunsmith
Enkulungo ya Kibuuka Omumbaale,Jupitor
Enkulungo ya Nagaddya,Uranus
Enkulungo ya Ggulu,Neptune
Enkulungo Nakalanga eya Nakayima,Pluto
nsengekera,system
bibulungulo,satellites
ekyebulungulo,field
kiripuso,ellipse
ntoloozo,circle
Essikirizo,Gravity
essikirizo y’ Ensi,earth’s gravity
Empalirizo ezisikira empuyi bbiri,opposing forces
Enpalirizo esikira mu njuba,The sun’s gravitational force
Ensikirizo ey’enkulungo,Planetary gravitational force
Empalirizo esikira mu Mwezi,the moon’s gravitational force
okwewaggula ku makkati,fleeing the centre
Empalirizo esikira ku Nsi,Earth’s gravitational force
kyebulungulo kyayo,its field
Nampewo,Earth’s atmosphere
namikka,planatory atmosphere
Eggobansonga ,Dialectics
Okukontana,controduction
Kikontana kya,The opposite of
Ekikontano,Dialectics
Eggobansonga mu buttonde,Dialectics in Nature
Eggobansonga ery’obutonde,Dialectics of Nature
Ebikontano,The Opposites
Okukontana mu butonde,Contradictions in Nature
Obumu bw’ebikontana,The Unity of Opposites
Omugobansonga,Dialectician
Omukontanyi,Dialectician
Okunoonya obumu bw’ebikontana,Looking for the Unity of Opposites
Eggobansonga mu butonde,Dialectics in Nature
Ekikontanyo mu butonde,Dialectics in Nature
Okukontana okw’obutonde,Contradiction of Nature
Eggobansonga ly’obutonde,Dialectics of Nature
Amateeka g’obutonde,The Laws of Nature
Amateeka g’eggobansonga,The Laws of Dialectics
Okukontana mu bwengula ,Contradictions in the Universe
Endowooza y’eggobansonga,Dialectic thinking
Endowooza ey’ekikontanyo,Dialectic thinking
Okulowooza okw’eggobansonga,Dialectic thinking
Eggobansonga mu mboozi za Sekolatoosi,Dialectics in the Socratic Dialogues
Okukontana wakati w’enjuba n’enkulungo kwe kukuumira awamu ensegekera y’enjuba,contradictions between the sun and its planets keeps together a solar system
Okukontana mu katoffaali kwe kukuumira atomu awamu,the contradiction within the atom keeps the atom together
Okukubaganya ebirowoozo okulungi kuba kwa ggobansonga,a good debate is one that is dialectic
Omukubiriza w’olukiiko omulungi y’aba omugobansonga,a good mediator is a dialectician
Amateeka g’essomabuzimbe,The Laws of Chemistry
Amateeka g’essomabutonde,The Laws of Physics
 Amateeka g’ekibalangulo ,The Laws of Mathematics
 Seng’endo,Celestial bodies
Omugendo,Motion
Omugendo Ogutakoma,Unending
Omugendo Ogutakoma,Continuous
Omugendo ogw’entakoma,Permanent motion
Omugendo ogw’entakoma,unending motion
Ensikirizo,magnetic pull
Essikirizo,Gravity
Okusikiriza,to attract magnetically
Ensikirizo,Magnetic attraction
Ensindikirizo,Magnetic repulsion
Okusindikaggana,To repel
Okisikaggana,To get atrcted to each other
Netoni,Newton Isaac
Essikirizo ly’enkulungo,Planetary gravity
Essikirizo ly’ Ensi ,The Earth’s Gravity
Essikirizo l y’Omwezi,The Moon’s Gravity
Empalirizo,Force
Ekyebulungulo ky’ensikirizo,Gravitational Field
Ekyebulungulo ky’essikirizo ly’ enjuba ,Solar Gravitational Field
Empalirizo ezisikira ku mpuyibbiri ,Opposing Forces
Empalirizo esikira mu makkati,Centripetal Force
Ekibulungulo,Satellite
Ekyebulungulo,Field
Ekitomeggero,Reactor
Obusekese,Chromosomes
ekika ekya kemiko,Of a chemical nature
Ekikemiko,Of a chemical nature
Ekiwoova,Oval
Enzitoya Mass,Heavenly Body
Ekipooli ky'enkyusabuziba,Chemical Compound
Namba eza kibazo,cardinal numbers
Namba ezibala,counting numbers
Namba eza ndagakifo,ordinal numbers
Namba eza ndagalinnya,nominal numbers
Namba enzijuvu ,whole numbers
Yintegya,integers
Kibalirampuyibbiri,integers
Namba ez’ensibo ,natural numbers
Namba za kyegabanya,even numbers
Namba eza kigaanira,odd numbers
Emwenkutule , fractions
Emikutule, fractions
Namba ez’omugerageranyo ,rational Numbers
Namba ezitali za mugerageranyo, irrational Numbers
Namba Zennyini ,real numbers
Namba Ez’omuteeberezo ,imaginary Numbers
Namba za kyebiriga,square numbers
Namba za kyesatuza,cube numbers
Nambiso ,numeral
Ekikunizo ,mathematical question
Ekikunizo ,mathematical problem
Omweyoleko ,mathematical expression
Okusonjola ,simplify
Okubalangula ,calculate
Okubalanguza ,solve
Okubaza ,solve 
Okubaza ,calculate
Okubaza ,compute
Ekibazo ,solution to a mathematical problem
Ekibalanguzo ,formula
Omubalanguzo ,mathematical operation
Essomampuyisatu ,Trigonometry
Essomabigoberero ,Algebra
Essomansi ,Geography
Afirika ,Africa
Yuganda ,Uganda
Buyonaani ,Greece
Girimane ,Germany
Budaaki ,Germany
Bulaaya ,Europe
Buturuki ,Turkey
Bupoolo ,Poland
Essomansi,ey'abantu 
Essomansi,ery’endabiko 
Nampewo ,atmosphere
Entabampewo ,atmosphere
Entabamazzi ,hydrosphere
Entababulamu ,biosphere
Entabamazinga ,geosphere
Ffene ,Jack-fruit
Fuka ,Urinate
Fumba ,Cook
Fumbiro ,Kitchen
Ffulungu ,Red-billed hornbill
Fulampeni ,Frying pan
Entondo,crampy
Nnawolovu,Chameleon
Ngaanga,Black and white cosqued cornbill bird
Njuki,Bee
Nkazalujja,Forest robin bird
Numba,Wasp
Nyonyi-Nyange,Great egret bird
Ndeka,Leave me
Zaala,Give birth
Zannya,Play
Ziba,Block
Gakuweebwa Muwanga,Concepts formed by Clipping
ensusuuba,units in place values
Nigina z’ebipimo,units of measurements
Nigina za kyebiriga,Square units
Nigina za kyesatuza,cubic units
Nigina z’amawanga ez’ebipimo,international units of measurements
Namunigina za kyebiriga,Square units
Namunigina za kyesatuza,Cubic units
Namunigina z'ebipimo,Units of measurements
Ekigambululo,Statement
Senkuluze,Encyclopaedia
Okukunuukiriza,approximate
Okukunuukiriza,estimate
Omukunuukirizo,approximation
Omukunuukirizo,estimation
Sseggwanga,Statesman
Naggwanga,Stateswoman
okupapajjula,fragmentation
Omugerageranyo,ratio
Omugerageranyo,mathematical ratio
omuwendo,value
okugerageranya,compare
Omulengera,the human mind
enfunzo,the base
Okugaziya amakulu,Semantic extension
akakunizo,puzzle
okukendeeza,reducing
Ennyingo,joint
ekibalo ky’ennyingo,polynomia
nnyingobbiri,binomia
ennamba ez’amayingo,polynomials
nnyingosatu,trinomial
Okulambulula,explain in detail
Okulambulula ennamba,factorization of numbers
Okupanga,assemble
ebiruubirirwa,aims
Omukwataganyo ogwa kifuulannenge,inverse function
Kifuulannenge ow’omugereko,inverse of a set
Omugendaganyo ogwa kifuulannenge,inverse proportion
Ekiddannyuma,negative
Ekiddannyuma,reverse
Ekiddamaaso,positive
Ekiddamaaso,forward movement
Ennamba za kiddannyuma,negative numbers
ennamba za kiddamaaso,positive numbers
Ennamba za negatiivu,negative numbers
ennamba za pozitiivu,positive numbers
Amasannyalaze ag’entagenda,Static electricity
Obwakatonda,Practice of godliness
Obwakatonda,divinity
Obwakalimagezi,intelligence
Obwakalimagezi,exhibiting intelligence
Obwakalimagezi,the Practice of intelligence
Obwanakalyakaani,socialism
Obwanakalyakaani,the practice of socialism
Obwasitakange,the practice of capitalism
Obwasitakange,capitalism
Obwannalukalala,reactionalism
Obwanakyemalira,dictatorship
Obwanakyemalira,practice of dictatorship
Obwannakyewa,practice of volunteerism
Obwannakyewa,volunteerism
kalimagezi,intelligent woman
kalimagezi,intelligent man
Amagezi,wisdom
Ensolo kalimagezi,intelligent animal
omuntu kalimagezi,intelligent man
omuntu kalimagezi,intelligent woman
Omulengera,the mind
okwefumiitiriza,critical thinking
okusengeka ensonga,logic
Okusengeka Ebirowoozo,logic
Kagezimunyu,Genius
Sekalowooleza,Thinker
Sekalowooleza Owamaanyi,Male Great thinker
Nakalowooleza owamaanyi,Female Great thinker
Firosofa,Philosophy
Basekalowooleza Ab’amaanyi,Great Thinkers
Olubugumu lw’enjuba,Solar radiation
Nabbugumya ava mu ttaka,Geothermal
Engerekera,instincts
Ebikolwa ebigerekere,instinctive acts
Enneeyisa engerekere,instinctive behavior
Engerekera y’okwelwanako,the self-dedfence instict 
Enegerekera y’okulumwa enjala,the hunger instict  
Engerekera y’okwagala okwegadanga,the sex instinct
Engerekera y’okulowooza,the instinct of thinking
Okumanya okw’embagirawo,intuition
Okutegeera okw’embagirawo,intuition
enketteso,senses
Enketteso z'omubiri,body senses
Enketteso ey’okuwulira,the sense of hearing
Enketteso ey’okulaba,the sense of seeing
Enketteso ey’okuwunyiriza,sense of smelling
Enketteso oy’okusenserwa,sense of feeling
Enketteso oy’okusenserwa,sense of touching
Enketteso z’omubiri ettaano,the five body senses senses
Okesegeera,to percieve
Okusenserwa,to feel pain
Okusenserwa,to feel pleasure
Okusegeera okw'enketteso,sense perception
Ebirowoozo ebisegeere,concrete ideas
Ebirowoozo ebigereese,abstract ideas
Okugereesa,to abstract
Okugereesa,to theorize
Ebbugumu,Warmth
obwoki,Warmth
okwokya,Warmth
Ebbugumu,heat
obwoki,heat
okwokya,heat
Ensengekera y’ekitegabbugumu,Greenhouse system
Ggaasi eza kitegabbugumu,Greenhouse gases
Obwengula,Outer space
Obwengula,universe
Bbulangiti ya ggaasi ezitega olubugumu,Blanket of greenhouse gases
Bbulangiti ya ggaasi ezitega ebbugumu,Blanket of greenhouse gases
Okuyingiza ebbugumu,Absorption of heat
Okufulumya olubugumu,Emission of radiation
Kaboni afulumizibwa amakolero,Industrial carbon emission
Kabonibbirokisadi mu nampewo,Carbon dioxide in the atmosphere
Okwokyerera kw’enkulungo y’ensi,Global heating
Okubuguumirira kw’enkulungo y’ensi,Global warming
Tempulikya,Temperature
Tempulikya ez’ekigero,Average temperatures
Okulinnya kwa tempumpulikya,Increase in temperature
Safeesi y’ensi,Earth’s surface
Ekitondeko kya kitegabbugumu ,Green Gas effect
Olububi lwa Wozoni,Ozone layer
Amayengo agali emabega wa kkala emmyufu,Infrared waves
Amayengo ga u-vi ,Ultra-violet waves
Omugaso gwa ekitegabbugumu,Importance of green gas effect
Nakivundisa biramu,Organic decay
Nayitolaasi-okisayidi,Nitrous oxide
Akakunsi,Ozone
Akakung’unta k’Ensi,Earth’s Sieve
Essomo Lya Nampewo,Meteorology
Akanyigirizi Ka Nampewo,Atmospheric Pressure
Akanyigirizi k'empewo,air pressure
Okisigyeni,Oxygen
Nayitologyeni,Nitrogen
Ggaasi Endala,Other Gases
Agoni ,Argon Gas
Kaboni-bbiri-okisayidi,Cabondioxide
Enfuumo Y’amazzi ,Water Vapour
Amatondo,Water Droplets
Okutondowala,condensation
Munyale,Soot
Eminnyo,Eminnyo
Endagabuzimbe,matter
Ennabuzimbe,matter
Sabusitansi ,substance
Matiiriyo,material
Enzitoya,mass
Obuzito,weight
Sayansi w’obuziba,Atomic Science
Sayansi wa atomu,Atomic Science
Obuziizi,Nucleus
Ebyobuziizi ,Nuclear science
 Amasoboza ag’ebuziizi,Nuclear energy
Ebyokulwanyisa ebya nnyukiriya,Nuclear weapons
Ekyabuluzabuziizi,Nuclear fission
Ekyegattisabuziizi,Nuclear fusion
Ebintu ebyegattise,synthetic materials
Empalirizo eviira amakkati,Centripetal force
Ensindikano,Reaction
okuva mu mbeera,Reaction
Olusikiso,A Pulley
Olusikiso,simple machine
Ensindikirizo,Repulsion
Senkuluze,Encyclopaedia
Senkuluze,connotes
Senkuluze,Voluminous dictionary
Enkuluze ennene,Encyclopaedia
Enkuluze ennene,connotes
Enkuluze ennene,Voluminous dictionary
ekinonoozo ekiddaabiriza,maintenance engineering
ekinonoozo ekiwunda ebyuma by’amakolero,industrial machinery designing engineering
Ekigereeso ky'ekyerongooserezo ky'Obulamu,the theory of the evolution of life
Ekigereeso ky'Ensibuko y'Ebikula,The theory of the origin of species
Eggereeso lya Payisoggolaasi,the Pythagoras theorem
Ekigereeso,Scientific theory
Ekigambululo ekigereesa,Scientific theory
akawango,derivational affix
okuwanga,to affix
Obuwango,affixes
Obunukufu,same as above
Obunukufu,literacy
Obunyunyunsi ,exploitation
Essomabiwuka ebireetendwadde,Medical entomology
Ekiseetuko,translation
Ekigeranyo,Quotient
Omukendeezo ,Discount
okutomeggana,chemical reaction
enkyukakyuka ez’ebuziba,chemical change
enkyukakyuka ezo kungulu,physical change
Ekigendo,vector
omukwanaganyo,relation
emikwanaganyo egy’Kibalangulo,mathematical relations
okukwana,to make friendship
Nnyingo ezitakwatagana,unlike terms
Nnyingo ezikwatagana,like terms
omuganyulwo,interest
Omuganyulo omwangu,simple interest
Omuganyulo omuzibuwavu,compound interest
Okubaza omuganyulo,calculating interest
Omuganyulo gwa banka,bank interest
Omuganyulo gw’ekyewolo,loan interest 
Enneeyisa engerekere ,instinctive behavior
Omufunza,exponent
Ekifubza,exponentiation
Okufundiza namba,to power a number
enfunzo,base
mufunza,short form
mufunza,tightening
Obulamu obusingayo okuba obusirikitu,Microbes
Munnassomabulamu obusirikitu,Microbiologist
Obulamu obusirikitu,microbe
enzimbulukusa,microscope
bibinja,colonies
walugi,algae
Obulamu obusirikito bulya biramu birala,heterotrophic
bwekolera emmere yabwo,autotrophic
kwegattakw’ekisajja n’ekikazi,sexually
kwegatta kwa kisajja na kikazi ,asexually
okw’okwegatta kw’ekisajja n’ekikazi,sexual reproduction
kyeyabuluzaamu,splits
ebitundu bibii ebifaanagavu,asexual reproduction
Akasirikitu akalamu,microscopic organ
Obuziizina,Eukaryotes
Ekiziizina,Eukaryotes
ekyondo,mitochondria
ebitangattiko,chloroplast
letikyulamu ya endopulazima,endoplasmic reticulum
Vayiraasi,virus
Ebika by'Obulamu obusirikitu,types of microbes
olububi lw’ekizimbamubiri,protein coat
kapusedi,capsid
olubaaso,envelope
obusobozi okweyubula,repricate themselves
amaanyikasoboza,energy metabolism
ebizimbamubili,coating of protein
mpuyiabili,cosahedron
 lebiizi,rabies
olukusense,measles
mulangila,measles
mulalama,meningitis
sepila,spirilla
ezemyenyoolo,spiral bacteria
kabukuuli,rodshaped
kkukusi,coccus
kalyabivunze,saprobic
nnyunyuunsi,parasitic
saitopulaazima,cytoplasm
kakobe,purple bacteria
tempulikya ey’omubili gw’omuntu,human body temperatures
bipooli by’ebilamu,organic compounds
aminasidi,amino acids
ebizimbamubili ,proteins
akolelo g’ebyokulya,food industry
zegattisa,synthesize
zitabika,synthesize
ekikamulabiliisa,digestion
akafuba,tuberculosis
endagabutonde,DNA
nnyukiroodi ,nucleoid
bikulungo,spherical
bbakitiirya ez’enkula eya sipayiro,spiral shaped bacteria
okukutulakutula mu seruloozi,to break down cellulose
miyitilo gy’emmele,digestive systems
okuteeka naitilojeni mu ttaka,fixation of nitrogen
ensengekera y’obukuumi ey’obutonde,natural immune system
ebigenge,liprosy
kkolera,cholera
akafuba,TB
Antibbayotiki,antibiotics
bukyolo,Animalcules
lenza z’ekizimbulukusa,microscopic lens
tayifoidi,typhoid fever
diputiilia,diphtheria
sifiliizi,syphilis
bbongo,yogurt
bizimbulukusa,yeasts
entikotiko,molds
emmele ezekiivululu,fermented foods
vayinega,vinegar
Polotozoowa,Protozoa
ebiramu ebizimbibwa obutaffaali obunji,multicellular organisms
Obwenkira,flagellates
sipongi,sponges
Obwoyaya,cilia
palamesiyamu,Paramecium
Sepironza,sporozoans
Funji,fungi
Lukeniya,Lichen
obusilikitu obw’omugaso,Good Microbes
 obusirikitu obw’obulabe,Bad Microbes
Olufungi,Fungus
Olukonge,molds
Obuyisiti,yeats
oluzigooti,zygote
kika kya lufungi,a type of fungi
kayifa,hyphae
sipuwa z’olufungi,fungus spores
obusirikitu obw’omugaso,Useful Microbes
 tetanaasi,tetanus
obukooli,E. coli
lubyamira,Pneumonia
Tekinologia w’ebiramu,Biotechnology
ebitoolo,compounds
Ekkamuso,rainbow colours
Kiwanuka,Mercury
Ddungu,Venus
Mukasa,Mars
Kisuule,Saturn
Kibuuka,Jupiter
Nagaddya,Uranus
Ggulu,Neptune
Nakayima,Pluto
omusingi gw’ebyenfuna ne sebasitula,economic base and superstructure
enkolagana mu ntabaganya,social relations
Emikwanaganyo gy’Entabaganya,social relations
emikwanaganyo emitataaganya,antagonistic relations
enkolagana ez’omukwano,friendly relations
Ssebasitula y’Entabaganya ya Buganda Eyedda,The Superstructure of ancient Buganda
Amasomo ag’obuyivuwavu ,academic studies
Ebisanyizo,virtues
muzimu,spirit
Okulagula,devination
ebyemikolo,craft
ensuwa,water pots
ensumbi,water pots
Ebibya,bowls
entamu,cooking pot
emindi,smoking pipes
okuwaata ebyokulya,Cutlery
ebikuba embugo,fumigator foe barcloths
embukuuli,sticks for clubbing to death
Amakula ga Kabaka,The King’s Ornamental work
Okuwoola mulungereza,engraving
Okuwoola mulungereza,sculpture
nabire,nabular clouds
Omunebbirior Omusimba ogwa bbiri,binary
Omunessatu ogwa satu,ternary
Omusimba ogwa satu,ternary
Omusimba ogwa nnya,Quaternary
Omunannya ogwa nnya,Quaternary
Omusimba ogwa taano,Quinary
Omunattaano ogwa taano,Quinary
Omusimba ogwa mukaaga,Senary
Omunekaaga ogwa mukaaga,Senary
Omusimba ogwa musanvu,Septenary
Omusenvu ogwa musanvu,Septenary
Omusimba ogwa munana,octal
Omuneena ogwa munana,octal
Omusimba ogwa mwenda,nonary
Omunenda ogwa mwenda,nonary
omusimba ogwa kkumi,decimal
Omunekkumi ogwa kkumi,decimal
Omusingi gwa namba ogwa kumi n’emu,undenary
Omusingi gwa namba ogwa kumi na bbiri,duodecimal
Omusingi gwa namba igwa kumi na satu,hexadecimal
Omusingi gwa namba ogwa kumi na nnya,vigesimal
Omusingi gwa namba ogwa kumi na ttaano,sexagesimal
musimbalaala,column
endagamuwendo,digits
Okulambulula Namba,Factoring numbers
Enkubisa,coefficients
Enkubisa,multiples
entakyuka,constants
omugabo,variable
enkyuso,variable
ennyingo,terms
mufunza,exponentiation
kyekubisa,logarithms
Namba ennambulukufu,composite numbers
Namba ezitali nambulukufu,prime numbers
Enfikkizo,remainder
Namuluzo,factors
Nambuluzo Eyawamu,Common factor
Enkubise Eyawamu ,Common Multiple
Okulambuluza namba ezitali nambulukufu,prime factorisation
Emikutule,Fractions
Ebitundu by’Omukutule,Parts of a Fraction
Kinnawaggulu,Numerator
Kinnawansi ,Denominator
Kinnawansi Ekyawamu,Common Denominator
Nambuluzo Eyawamu Esingayo,Greatest Common Factor
kinnawansi ekya’wamu,common denominator
Emikwanaganyo n’Emikwataganyo,Relations and Functions
Omuteeko,union of sets
Enjawuzo y’Emigereko ebiri,The difference of two Sets
Ekitundu ky’Omugereko,Sub set
Endaga y’Omugereko,Set notation
Amasang’azzira g’Emigereko,Intersection of sets
Entabiro y'emigereko,Intersection of sets
Omusooka,inputs
emigago emisengeke,ordered pairs
musengeko gwa miyingizo,inputs
egy’omukwanaganyo,relation
Omukwataganyo,function
Ennyingo n'Ekibalo ky'ennyingo,Terms and Polynomials
omusooka,domain
omufulunyo,range
Ekibalangulo ky’Omukisa,Probabilty
Ennyingo,term
Ennyingo,nomial
Ennyingo ezifaanagana,like terms
Nnyingo ezikwatagana,like terms
Ennyingo ezitafaanagana,unlike terms
Nnyingo ezitakwatagana,unlike terms
Ekibalo ky'ennyingo,Mathematics of nomials
Ekibalo ky'ennyingo,Mathematics of Polynomials
Nnyingo emu,Monomial
Nnyingo bbiri,bionomial
Nnyingo satu,Trinomial
Enjawuzo eya kyebiriga ebbiri,The difference of two squares
"Emigerageranyo ,Ebigerageranyo n’emigendaganyo","Ratios, Rates and Proportions"
Ekituukiriro,event
ekituuko,event
Ebisoboko,outcomes
Omugereko gw’ebisoboko,probability space
Omugereko gw’ebisoboko,probability set
 Ebituuko eby’ejjuuliriza,complementary events
Ebituuko ebyetengerevu,independent events
Ebituukiriro ebitali byetengerevu,dependent events
Ensatuze,dice
Ekinusu,coin
Omutwe n’ekikira,head and tail
Ebituukiriro ebitasobola kubaawo mu kiseera kye kimu,mutually excussive events
Ebituukiriro ebisobola okubaawo mu kiseeta kye kimu,mutually inclusive events
Omugerageranyo,ratio
Emigerageranyo,ratios
Ebigerageranyo,rates
Ekigerageranyo,rate
Omugendaganyo,proportion
Emigendaganyo,proportions
Ebikyusaganyo,Transformations
Ekiseetuko,displacement
Kalonda n'Ekisngekakaloda,Data and statistics
Kalonda,data
Okusengeka kalonda,to arrange data
Ekisengekakalonda,statistics
Kalonda omusengeke,statistics
Emisengeko gya kalonda,statistical patterns
Okukung’anya kalonda,data collection
Okutaputa kalonda,to interpret data
Kalonda ow’endagabungi ,quantitative data
Kalonda ow’endagamutindo,qualitative data
Ekibalo eky’obusuubuzi,Busines Math
Ekyewolo,loan
Ebbanjo,loan
bwasiisi,Commission
Ekigambululo kya Bbanka,bank statement
Omujjuulirizo,subsidy
Enzijuulirirzo,subsidy
Nakyenkanyanjuyi ne Nakyekubira,Equations and Inequalities
Nakyekubira,Inequality
Ekibazamusikiza,substitution
Musikiza,substitution
Okusikiza namba,to substitute a variable with a number
Akenkanyanjuyi ,the equals sign
Emifunza ne Kyekubisa,Exponents and Logarithms
ekibalo y'emirundi emifunze,exponentiation
Akafunza,the power of a number
Ekikolo,the base or the number at the base of an exponent
Enfunzo,the base or the number at the base of an exponent
okugattika,blending
okugaziya amakulu,semantic extension
Ekisengeko,matrix
Emisengeko,patterns
ekibalo ky’emisengeko,the math of patterns
egy’emigalamiro,rows
emisaimbalaala,columns
Okukwanaganya,to relate 
Okukwanaganya,to coordinate
Ekikube,Drawing of a table
Ekikwataganya,Coordinate graph
Eki for ekikube ekya ggulaafu,Drawing of a graph
Ettoloovu,round about
Ekibazamukisa,probability
ekibalo ky’omukisa,the mathematics of chance
Omusimba,base
omusingi gw’ennamba,number base
